name,entry_name,transmembrane,secretion,peripheral,integrin_interaction,secreted_highlight,secreted_desc,transporter,other,other_desc,tags,tags_description,tags_reason
P25106,ACKR3_HUMAN,True,False,False,False,False,,False,True,CoReceptor_Acts as coreceptor with CXCR4 for a restricted number of HIV isolates (uniprot),To_comment,CoReceptor_Acts as coreceptor with CXCR4 for a restricted number of HIV isolates (uniprot),Receptor_add
P06731,CEAM5_HUMAN,True,False,False,False,False,,False,False,,To_comment,,Adhesion_add
P29323,EPHB2_HUMAN,True,False,False,False,False,,False,False,,To_comment,,Adhesion_add
P31997,CEAM8_HUMAN,True,False,False,False,False,,False,False,,To_comment,,Adhesion_add
P40199,CEAM6_HUMAN,True,False,False,False,False,,False,False,,To_comment,,Adhesion_add
P54756,EPHA5_HUMAN,True,False,False,False,False,,False,False,,To_comment,,Adhesion_add
P54760,EPHB4_HUMAN,True,False,False,False,False,,False,False,,To_comment,,Adhesion_add
P57087,JAM2_HUMAN,True,False,False,False,False,,False,False,,To_comment,,Adhesion_add
Q15375,EPHA7_HUMAN,True,False,False,False,False,,False,False,,To_comment,,Adhesion_add
Q8N6Q3,CD177_HUMAN,True,False,False,False,False,,False,False,,To_comment,,Adhesion_add
P54753,EPHB3_HUMAN,True,False,False,False,False,,False,False,,To_comment,Migration,Adhesion_add
P16471,PRLR_HUMAN,True,True,False,False,False,,False,False,,To_add,cytokine_receptor,
Q14627,I13R2_HUMAN,True,False,False,False,False,,False,False,,To_add,cytokine_receptor,
P16284,PECA1_HUMAN,True,False,False,False,False,,False,False,,,,
O75144,ICOSL_HUMAN,True,False,False,False,False,,False,False,,To_add|To_comment,Iglike,Extracellular_add
P13747,HLAE_HUMAN,True,False,False,False,False,,False,False,,To_add | To_comment,Iglike,Extracellular_add
P17693,HLAG_HUMAN,True,False,False,False,False,,False,True,,To_add | To_comment,Iglike,Extracellular_add | Receptor_add
P30511,HLAF_HUMAN,True,False,False,False,False,,False,True,HLA,To_add,Iglike,
P32942,ICAM3_HUMAN,True,False,False,False,False,,False,False,,To_add | To_comment,Iglike,Extracellular_add
P33681,CD80_HUMAN,True,False,False,False,False,,False,False,,To_add | To_comment,Iglike,Extracellular_add
P36888,FLT3_HUMAN,True,False,False,False,False,,False,False,,To_add | To_comment,Iglike,Extracellular_add
P59901,LIRA4_HUMAN,True,False,False,False,False,,False,False,,To_add,Iglike,
Q01973,ROR1_HUMAN,True,False,False,False,False,,False,False,,To_add,Iglike,
Q12866,MERTK_HUMAN,True,False,False,False,False,,False,False,,To_add,Iglike,
Q13332,PTPRS_HUMAN,True,False,False,False,False,,False,False,,To_add,Iglike,
Q15116,PDCD1_HUMAN,True,False,False,False,False,,False,False,,To_add | To_comment,Uniprot description,Iglike | Receptor | Extracellular_add
Q16288,NTRK3_HUMAN,True,False,False,False,False,,False,False,,To_add,Iglike,
Q8N423,LIRB2_HUMAN,True,False,False,False,False,,False,False,,To_add,Iglike,
Q8TDQ0,HAVR2_HUMAN,True,False,False,False,False,,False,False,,To_add | To_comment,Iglike. Cell surface receptor implicated in modulating innate and adaptive immune responses (uniprot),Receptor_add | Extracellular_add
Q9P1W8,SIRPG_HUMAN,True,False,False,False,False,,False,False,,To_add,Iglike,
P10747,CD28_HUMAN,True,False,False,False,False,,False,False,,To_add | To_comment,Iglike,Extracellular_add
P05362,ICAM1_HUMAN,True,False,False,False,False,,False,False,,To_add | To_comment,Iglike | ligandIUPHAR,
P13598,ICAM2_HUMAN,True,False,False,False,False,,False,False,,To_add | To_comment,Iglike | ligandIUPHAR,Extracellular_add
P19320,VCAM1_HUMAN,True,False,False,False,False,,False,False,,To_add | To_comment,Iglike | ligandIUPHAR,
O95727,CRTAM_HUMAN,True,False,False,False,False,,False,False,,To_add | To_comment,Iglike | Possible_receptor,Extracellular_add
P40200,TACT_HUMAN,True,False,False,False,False,,False,False,,To_add | To_comment,Iglike | Receptor_add,Receptor_add | Extracellular_add
P78324,SHPS1_HUMAN,True,False,False,False,False,,False,False,,To_add | To_comment,Iglike | Receptor_add,Receptor_add | Extracellular_add
P06729,CD2_HUMAN,True,False,False,False,False,,False,False,,To_add | To_comment,Iglike | Receptor_add,Receptor_add
Q13705,AVR2B_HUMAN,True,False,False,False,False,,False,False,,,IUPHAR,
O00175,CCL24_HUMAN,False,True,False,False,True,Cytokine,False,False,,,,
O00182,LEG9_HUMAN,False,True,True,False,True,Immune-related,False,False,,To_comment,Ligand for HAVCR2/TIM3 (uniprot),secretedhigh_add | peripheral_add
O00230,CORT_HUMAN,False,True,False,False,True,Hormone,False,False,,,,
O00253,AGRP_HUMAN,False,True,False,False,False,,False,False,,,,
O00585,CCL21_HUMAN,False,True,False,False,True,Cytokine,False,False,,,,
O00626,CCL22_HUMAN,False,True,False,False,True,Cytokine,False,False,,,,
O00755,WNT7A_HUMAN,False,True,False,False,True,CellSignal_WNT,False,False,,,,
O14511,NRG2_HUMAN,True,True,False,False,True,Growthfactor,False,False,,,,
O14625,CXL11_HUMAN,False,True,False,False,True,Cytokine,False,False,,,,
O14788,TNF11_HUMAN,True,True,False,False,True,Cytokine,False,False,,,,
O14793,GDF8_HUMAN,False,True,False,False,True,Growthfactor | Cytokine,False,False,,,,
O14944,EREG_HUMAN,True,True,False,False,True,Growthfactor,False,False,,,,
O15123,ANGP2_HUMAN,False,True,False,False,False,,False,False,,,,
O15444,CCL25_HUMAN,False,True,False,False,True,Cytokine,False,False,,,,
O15467,CCL16_HUMAN,False,True,False,False,True,Cytokine,False,False,,,,
O15520,FGF10_HUMAN,False,True,False,False,True,Growthfactor,False,False,,,,
O43508,TNF12_HUMAN,True,True,False,False,True,Cytokine,False,False,,,,
O43555,GON2_HUMAN,False,True,False,False,True,Hormone,False,False,,,,
O43557,TNF14_HUMAN,True,True,False,False,True,Cytokine,False,False,,,,
O43915,VEGFD_HUMAN,False,True,False,False,True,Growthfactor,False,False,,,,
O43921,EFNA2_HUMAN,True,False,False,False,False,,False,False,,To_comment,ligandIUPHAR,extracellular_add
O43927,CXL13_HUMAN,False,True,False,False,True,Cytokine,False,False,,,,
O60383,GDF9_HUMAN,False,True,False,False,True,Growthfactor | Cytokine,False,False,,,,
O60542,PSPN_HUMAN,False,True,False,False,True,Growthfactor,False,False,,,,
O75888,TNF13_HUMAN,False,True,False,False,True,Cytokine,False,False,,,,
O95150,TNF15_HUMAN,True,True,False,False,True,Cytokine,False,False,,,,
O95390,GDF11_HUMAN,False,True,False,False,True,Growthfactor | Cytokine,False,False,,,,
O95393,BMP10_HUMAN,False,True,False,False,True,Growthfactor | Cytokine,False,False,,,,
O95399,UTS2_HUMAN,False,True,False,False,True,Hormone,False,False,,,,
O95760,IL33_HUMAN,False,True,False,False,True,Cytokine,False,False,,,,
O95972,BMP15_HUMAN,False,True,False,False,True,Growthfactor | Cytokine,False,False,,,,
P00734,THRB_HUMAN,False,True,False,False,False,,False,False,,,,
P01019,ANGT_HUMAN,False,True,False,False,False,,False,False,,,,
P01024,CO3_HUMAN,False,True,False,False,False,,False,False,,,,
P01031,CO5_HUMAN,False,True,False,False,False,,False,False,,,,
P01042,KNG1_HUMAN,False,True,False,False,False,,False,False,,,,
P01127,PDGFB_HUMAN,False,True,False,False,True,Growthfactor,False,False,,,,
P01135,TGFA_HUMAN,True,True,False,False,True,Growthfactor,False,False,,,,
P01137,TGFB1_HUMAN,False,True,False,False,True,Growthfactor,False,False,,,,
P01138,NGF_HUMAN,False,True,False,False,True,Growthfactor,False,False,,,,
P01160,ANF_HUMAN,False,True,False,False,True,Hormone,False,False,,,,
P01185,NEU2_HUMAN,False,True,False,False,True,Hormone,False,False,,,,
P01189,COLI_HUMAN,False,True,False,False,True,Hormone,False,False,,,,
P01210,PENK_HUMAN,False,True,False,False,False,,False,False,,,,
P01215,GLHA_HUMAN,False,True,False,False,True,Hormone,False,False,,,,
P01225,FSHB_HUMAN,False,True,False,False,True,Hormone,False,False,,,,
P01236,PRL_HUMAN,False,True,False,False,True,Hormone,False,False,,,,
P01241,SOMA_HUMAN,False,True,False,False,True,Hormone,False,False,,,,
P01242,SOM2_HUMAN,False,True,False,False,True,Hormone,False,False,,,,
P01258,CALC_HUMAN,False,True,False,False,True,Hormone,False,False,,,,
P01270,PTHY_HUMAN,False,True,False,False,True,Hormone,False,False,,,,
P01275,GLUC_HUMAN,False,True,False,False,True,Hormone,False,False,,,,
P01282,VIP_HUMAN,False,True,False,False,True,Hormone,False,False,,,,
P01286,SLIB_HUMAN,False,True,False,False,False,,False,False,,,,
P01298,PAHO_HUMAN,False,True,False,False,True,Hormone,False,False,,,,
P01308,INS_HUMAN,False,True,False,False,True,Hormone,False,False,,,,
P01344,IGF2_HUMAN,False,True,False,False,True,Growthfactor | Hormone,False,False,,,,
P01350,GAST_HUMAN,False,True,False,False,True,Hormone,False,False,,,,
P01374,TNFB_HUMAN,False,True,False,False,True,Cytokine,False,False,,,,
P01375,TNFA_HUMAN,True,True,False,False,True,Cytokine,False,False,,,,
P01562,IFNA1_HUMAN,False,True,False,False,True,Cytokine,False,False,,,,
P01563,IFNA2_HUMAN,False,True,False,False,True,Cytokine,False,False,,,,
P01566,IFN10_HUMAN,False,True,False,False,True,Cytokine,False,False,,,,
P01567,IFNA7_HUMAN,False,True,False,False,True,Cytokine,False,False,,,,
P01568,IFN21_HUMAN,False,True,False,False,True,Cytokine,False,False,,,,
P01569,IFNA5_HUMAN,False,True,False,False,True,Cytokine,False,False,,,,
P01570,IFN14_HUMAN,False,True,False,False,True,Cytokine,False,False,,,,
P01571,IFN17_HUMAN,False,True,False,False,True,Cytokine,False,False,,,,
P01574,IFNB_HUMAN,False,True,False,False,True,Cytokine,False,False,,,,
P01579,IFNG_HUMAN,False,True,False,False,True,Cytokine,False,False,,,,
P01583,IL1A_HUMAN,False,True,False,False,True,Cytokine,False,False,,,,
P01584,IL1B_HUMAN,False,True,False,False,True,Cytokine,False,False,,,,
P01588,EPO_HUMAN,False,True,False,False,True,Hormone,False,False,,,,
P02452,CO1A1_HUMAN,False,True,False,False,False,,False,False,,,collagen,
P02458,CO2A1_HUMAN,False,True,False,False,False,,False,False,,,collagen,
P02461,CO3A1_HUMAN,False,True,False,False,False,,False,False,,,collagen,
P02462,CO4A1_HUMAN,False,True,False,False,False,,False,False,,,collagen,
P02751,FINC_HUMAN,False,True,False,False,False,,False,False,,,,
P02775,CXCL7_HUMAN,False,True,False,False,True,Growthfactor | Cytokine,False,False,,,,
P02776,PLF4_HUMAN,False,True,False,False,True,Cytokine,False,False,,,,
P02778,CXL10_HUMAN,False,True,False,False,True,Cytokine,False,False,,,,
P03971,MIS_HUMAN,False,True,False,False,True,Growthfactor,False,False,,,,
P04004,VTNC_HUMAN,False,True,False,False,False,,False,False,,,,
P04083,ANXA1_HUMAN,False,True,True,False,False,,False,False,,,,
P04085,PDGFA_HUMAN,False,True,False,False,True,Growthfactor,False,False,,,,
P04090,REL2_HUMAN,False,True,False,False,True,Hormone,False,False,,,,
P04141,CSF2_HUMAN,False,True,False,False,True,Growthfactor | Cytokine,False,False,,,,
P04275,VWF_HUMAN,False,True,False,False,False,,False,False,,,,
P04628,WNT1_HUMAN,False,True,False,False,True,CellSignal_WNT,False,False,,,,
P04808,REL1_HUMAN,False,True,False,False,True,Hormone,False,False,,,,
P05000,IFNW1_HUMAN,False,True,False,False,True,Cytokine,False,False,,,,
P05013,IFNA6_HUMAN,False,True,False,False,True,Cytokine,False,False,,,,
P05014,IFNA4_HUMAN,False,True,False,False,True,Cytokine,False,False,,,,
P05015,IFN16_HUMAN,False,True,False,False,True,Cytokine,False,False,,,,
P05019,IGF1_HUMAN,False,True,False,False,True,Growthfactor,False,False,,,,
P05067,A4_HUMAN,True,False,False,False,False,,False,False,,To_add,ligandIUPHAR,
P05112,IL4_HUMAN,False,True,False,False,True,Growthfactor | Cytokine,False,False,,,,
P05113,IL5_HUMAN,False,True,False,False,True,Growthfactor | Cytokine,False,False,,,,
P05230,FGF1_HUMAN,False,True,False,False,True,Growthfactor,False,False,,,,
P05231,IL6_HUMAN,False,True,False,False,True,Growthfactor | Cytokine,False,False,,,,
P06307,CCKN_HUMAN,False,True,False,False,True,Hormone,False,False,,,,
P06850,CRF_HUMAN,False,True,False,False,True,Hormone,False,False,,,,
P07225,PROS_HUMAN,False,True,False,False,False,,False,False,,,,
P07492,GRP_HUMAN,False,True,False,False,False,,False,False,,,,
P07602,SAP_HUMAN,False,True,False,False,False,,False,False,,,,
P08253,MMP2_HUMAN,False,True,False,False,False,,False,False,,,,
P08476,INHBA_HUMAN,False,True,False,False,True,Growthfactor | Hormone,False,False,,,,
P08620,FGF4_HUMAN,False,True,False,False,True,Growthfactor,False,False,,,,
P08700,IL3_HUMAN,False,True,False,False,True,Growthfactor | Cytokine,False,False,,,,
P09038,FGF2_HUMAN,False,True,False,False,True,Growthfactor,False,False,,,,
P09341,GROA_HUMAN,False,True,False,False,True,Growthfactor | Cytokine,False,False,,,,
P09529,INHBB_HUMAN,False,True,False,False,True,Growthfactor | Hormone,False,False,,,,
P09544,WNT2_HUMAN,False,True,False,False,True,CellSignal_WNT,False,False,,,,
P09603,CSF1_HUMAN,True,True,False,False,True,Growthfactor | Cytokine,False,False,,,,
P09681,GIP_HUMAN,False,True,False,False,True,Hormone,False,False,,,,
P09683,SECR_HUMAN,False,True,False,False,True,Hormone,False,False,,,,
P09919,CSF3_HUMAN,False,True,False,False,True,Growthfactor | Cytokine,False,False,,,,
P0C0P6,NPS_HUMAN,False,True,False,False,False,,False,False,,,,
P0DJI8,SAA1_HUMAN,False,True,False,False,False,,False,False,,,,
P0DMC3,ELA_HUMAN,False,True,False,False,True,Hormone,False,False,,,,
P10082,PYY_HUMAN,False,True,False,False,True,Hormone,False,False,,,,
P10092,CALCB_HUMAN,False,True,False,False,True,Hormone,False,False,,,,
P10145,IL8_HUMAN,False,True,False,False,True,Cytokine,False,False,,,,
P10147,CCL3_HUMAN,False,True,False,False,True,Cytokine,False,False,,,,
P10451,OSTP_HUMAN,False,True,False,False,True,Cytokine,False,False,,,,
P10767,FGF6_HUMAN,False,True,False,False,True,Growthfactor,False,False,,,,
P10997,IAPP_HUMAN,False,True,False,False,True,Hormone,False,False,,,,
P11487,FGF3_HUMAN,False,True,False,False,True,Growthfactor,False,False,,,,
P12034,FGF5_HUMAN,False,True,False,False,True,Growthfactor,False,False,,,,
P12272,PTHR_HUMAN,False,True,False,False,True,Hormone,False,False,,,,
P12643,BMP2_HUMAN,False,True,False,False,True,Growthfactor | Cytokine,False,False,,,,
P12644,BMP4_HUMAN,False,True,False,False,True,Growthfactor | Cytokine,False,False,,,,
P12645,BMP3_HUMAN,False,True,False,False,True,Growthfactor | Cytokine,False,False,,,,
P13232,IL7_HUMAN,False,True,False,False,True,Growthfactor | Cytokine,False,False,,,,
P13236,CCL4_HUMAN,False,True,False,False,True,Cytokine,False,False,,,,
P13500,CCL2_HUMAN,False,True,False,False,True,Cytokine,False,False,,,,
P13501,CCL5_HUMAN,False,True,False,False,True,Cytokine,False,False,,,,
P13725,ONCM_HUMAN,False,True,False,False,True,Cytokine,False,False,,,,
P15018,LIF_HUMAN,False,True,False,False,True,Growthfactor | Cytokine,False,False,,,,
P15248,IL9_HUMAN,False,True,False,False,True,Growthfactor | Cytokine,False,False,,,,
P15692,VEGFA_HUMAN,False,True,False,False,True,Growthfactor,False,False,,,,
P16860,ANFB_HUMAN,False,True,False,False,True,Hormone,False,False,,,,
P18075,BMP7_HUMAN,False,True,False,False,True,Growthfactor | Cytokine,False,False,,,,
P18509,PACA_HUMAN,False,True,False,False,True,Hormone,False,False,,,,
P18510,IL1RA_HUMAN,False,True,False,False,True,Cytokine,False,False,,,,
P19875,CXCL2_HUMAN,False,True,False,False,True,Cytokine,False,False,,,,
P19876,CXCL3_HUMAN,False,True,False,False,True,Cytokine,False,False,,,,
P20783,NTF3_HUMAN,False,True,False,False,True,Growthfactor,False,False,,,,
P20800,EDN2_HUMAN,False,True,False,False,False,,False,False,,,,
P20809,IL11_HUMAN,False,True,False,False,True,Growthfactor | Cytokine,False,False,,,,
P20827,EFNA1_HUMAN,True,True,False,False,False,,False,False,,To_comment,ligandIUPHAR,extracellular_add
P21583,SCF_HUMAN,True,True,False,False,True,Growthfactor,False,False,,,,
P21781,FGF7_HUMAN,False,True,False,False,True,Growthfactor,False,False,,,,
P22003,BMP5_HUMAN,False,True,False,False,True,Growthfactor | Cytokine,False,False,,,,
P22004,BMP6_HUMAN,False,True,False,False,True,Growthfactor | Cytokine,False,False,,,,
P22301,IL10_HUMAN,False,True,False,False,True,Cytokine,False,False,,,,
P22362,CCL1_HUMAN,False,True,False,False,True,Cytokine,False,False,,,,
P22466,GALA_HUMAN,False,True,False,False,True,Hormone,False,False,,,,
P23510,TNFL4_HUMAN,True,False,False,False,False,,False,False,,To_add,ligandIUPHAR,
P23560,BDNF_HUMAN,False,True,False,False,True,Growthfactor,False,False,,,,
P23582,ANFC_HUMAN,False,True,False,False,True,Hormone,False,False,,,,
P26441,CNTF_HUMAN,False,True,False,False,True,cytokine,False,False,,To_add,ligandIUPHAR,
P27539,GDF1_HUMAN,False,True,False,False,True,Growthfactor | Cytokine,False,False,,,,
P29965,CD40L_HUMAN,True,True,False,False,True,Cytokine,False,False,,,,
P30990,NEUT_HUMAN,False,True,False,False,False,,False,False,,,,
P31371,FGF9_HUMAN,False,True,False,False,True,Growthfactor,False,False,,,,
P32881,IFNA8_HUMAN,False,True,False,False,True,Cytokine,False,False,,,,
P32971,TNFL8_HUMAN,True,False,False,False,False,,False,False,,To_add,ligandIUPHAR,
P34130,NTF4_HUMAN,False,True,False,False,True,Growthfactor,False,False,,,,
P35070,BTC_HUMAN,True,True,False,False,True,Growthfactor,False,False,,,,
P35225,IL13_HUMAN,False,True,False,False,True,Cytokine,False,False,,,,
P35318,ADML_HUMAN,False,True,False,False,True,Hormone,False,False,,,,
P39905,GDNF_HUMAN,False,True,False,False,True,Growthfactor,False,False,,,,
P40225,TPO_HUMAN,False,True,False,False,True,Cytokine | Hormone,False,False,,,,
P40933,IL15_HUMAN,False,True,False,False,True,Cytokine,False,False,,,,
P41159,LEP_HUMAN,False,True,False,False,False,,False,False,,,,
P41221,WNT5A_HUMAN,False,True,False,False,True,CellSignal_WNT,False,False,,,,
P41273,TNFL9_HUMAN,True,True,False,False,True,cytokine,False,False,,To_add,ligandIUPHAR,
P42830,CXCL5_HUMAN,False,True,False,False,True,Cytokine,False,False,,,,
P43026,GDF5_HUMAN,True,True,False,False,True,Growthfactor | Cytokine,False,False,,,,
P47992,XCL1_HUMAN,False,True,False,False,True,Cytokine,False,False,,,,
P48023,TNFL6_HUMAN,True,True,False,False,True,Cytokine,False,False,,,,
P48061,SDF1_HUMAN,False,True,False,False,True,Growthfactor | Cytokine,False,False,,,,
P48645,NMU_HUMAN,False,True,False,False,False,,False,False,,,,
P49763,PLGF_HUMAN,False,True,False,False,True,Growthfactor,False,False,,,,
P49765,VEGFB_HUMAN,False,True,False,False,True,Growthfactor,False,False,,,,
P49767,VEGFC_HUMAN,False,True,False,False,True,Growthfactor,False,False,,,,
P49771,FLT3L_HUMAN,True,True,False,False,True,Cytokine,False,False,,,,
P50591,TNF10_HUMAN,True,True,False,False,True,cytokine,False,False,,To_add,ligandIUPHAR,
P51460,INSL3_HUMAN,False,True,False,False,True,Hormone,False,False,,,,
P51671,CCL11_HUMAN,False,True,False,False,True,Cytokine,False,False,,,,
P52797,EFNA3_HUMAN,True,False,False,False,False,,False,False,,To_comment,,extracellular_add
P52798,EFNA4_HUMAN,True,True,False,False,False,,False,False,,,,
P52799,EFNB2_HUMAN,True,False,False,False,False,,False,False,,To_add,ligandIUPHAR,
P52803,EFNA5_HUMAN,True,False,False,False,False,,False,False,,To_comment,,extracellular_add
P53621,COPA_HUMAN,False,True,False,False,True,Hormone,False,False,,,,
P55075,FGF8_HUMAN,False,True,False,False,True,Growthfactor,False,False,,,,
P55089,UCN1_HUMAN,False,True,False,False,True,Hormone,False,False,,,,
P55103,INHBC_HUMAN,False,True,False,False,True,Growthfactor | Hormone,False,False,,,,
P55107,GDF10_HUMAN,False,True,False,False,True,Growthfactor | Cytokine,False,False,,,,
P55773,CCL23_HUMAN,False,True,False,False,True,Cytokine,False,False,,,,
P55774,CCL18_HUMAN,False,True,False,False,True,Cytokine,False,False,,,,
P56703,WNT3_HUMAN,False,True,False,False,True,CellSignal_WNT,False,False,,,,
P56704,WNT3A_HUMAN,False,True,False,False,True,CellSignal_WNT,False,False,,,,
P56705,WNT4_HUMAN,False,True,False,False,True,CellSignal_WNT,False,False,,,,
P56706,WNT7B_HUMAN,False,True,False,False,True,CellSignal_WNT,False,False,,,,
P56975,NRG3_HUMAN,True,True,False,False,True,Growthfactor,False,False,,,,
P58166,INHBE_HUMAN,False,True,False,False,True,Growthfactor | Hormone,False,False,,,,
P60568,IL2_HUMAN,False,True,False,False,True,Growthfactor | Cytokine,False,False,,,,
P61366,OSTN_HUMAN,False,True,False,False,True,Hormone,False,False,,,,
P61812,TGFB2_HUMAN,False,True,False,False,True,Growthfactor,False,False,,,,
P78423,X3CL1_HUMAN,True,True,False,False,True,Cytokine,False,False,,,,
P78556,CCL20_HUMAN,False,True,False,False,True,Cytokine,False,False,,,,
P80075,CCL8_HUMAN,False,True,False,False,True,Cytokine,False,False,,,,
P80098,CCL7_HUMAN,False,True,False,False,True,Cytokine,False,False,,,,
P80162,CXCL6_HUMAN,False,True,False,False,True,Cytokine,False,False,,,,
P81277,PRRP_HUMAN,False,True,False,False,True,Hormone,False,False,,,,
P83859,OX26_HUMAN,False,True,False,False,False,,False,False,,,,
Q02297,NRG1_HUMAN,True,True,False,False,True,Growthfactor,False,False,,,,
Q02747,GUC2A_HUMAN,False,True,False,False,False,,False,False,,,,
Q06643,TNFC_HUMAN,False,False,True,False,False,,False,False,,To_add,ligandIUPHAR,
Q07325,CXCL9_HUMAN,False,True,False,False,True,Cytokine,False,False,,,,
Q13007,IL24_HUMAN,False,True,False,False,True,Cytokine,False,False,,,,
Q13477,MADCA_HUMAN,True,False,False,False,False,,False,False,,To_add | To_comment,ligandIUPHAR,extracellular_add
Q14116,IL18_HUMAN,False,True,False,False,True,Cytokine,False,False,,,,
Q14393,GAS6_HUMAN,False,True,False,False,False,,False,False,,,,
Q14406,CSHL_HUMAN,False,True,False,False,True,Hormone,False,False,,,,
Q15389,ANGP1_HUMAN,False,True,False,False,False,,False,False,,,,
Q15726,KISS1_HUMAN,False,True,False,False,False,,False,False,,,,
Q15848,ADIPO_HUMAN,False,True,False,False,True,Hormone,False,False,,,,
Q16552,IL17_HUMAN,False,True,False,False,True,Cytokine,False,False,,,,
Q16627,CCL14_HUMAN,False,True,False,False,True,Cytokine,False,False,,,,
Q16661,GUC2B_HUMAN,False,True,False,False,False,,False,False,,,,
Q16663,CCL15_HUMAN,False,True,False,False,True,Cytokine,False,False,,,,
Q2I0M5,RSPO4_HUMAN,False,True,False,False,False,,False,False,,,,
Q2MKA7,RSPO1_HUMAN,False,True,False,False,False,,False,False,,,,
Q5H8A3,NMS_HUMAN,False,True,False,False,False,,False,False,,,,
Q5T4W7,ARTN_HUMAN,False,True,False,False,True,Growthfactor,False,False,,,,
Q6KF10,GDF6_HUMAN,False,True,False,False,True,Growthfactor | Cytokine,False,False,,,,
Q6UW88,EPGN_HUMAN,False,True,False,False,True,Growthfactor,False,False,,,,
Q6UWT2,ENHO_HUMAN,False,True,False,False,False,,False,False,,,,
Q6UXB2,VCC1_HUMAN,False,True,False,False,False,,False,False,,,,
Q6UXX9,RSPO2_HUMAN,False,True,False,False,False,,False,False,,,,
Q765I0,UTS2B_HUMAN,False,True,False,False,True,Hormone,False,False,,,,
Q7Z4H4,ADM2_HUMAN,False,True,False,False,True,Hormone,False,False,,,,
Q7Z4P5,GDF7_HUMAN,False,True,False,False,True,Growthfactor | Cytokine,False,False,,,,
Q7Z5Y6,BMP8A_HUMAN,False,True,False,False,True,Growthfactor | Cytokine,False,False,,,,
Q7Z6A9,BTLA_HUMAN,True,False,False,False,False,,False,False,,To_add,ligandIUPHAR,extracellular_add
Q8IU54,IFNL1_HUMAN,False,True,False,False,True,Cytokine,False,False,,,,
Q8IZI9,IFNL3_HUMAN,False,True,False,False,True,Cytokine,False,False,,,,
Q8IZJ0,IFNL2_HUMAN,False,True,False,False,True,Cytokine,False,False,,,,
Q8N729,NPW_HUMAN,False,True,False,False,False,,False,False,,,,
Q8NG41,NPB_HUMAN,False,True,False,False,False,,False,False,,,,
Q8WWG1,NRG4_HUMAN,True,True,False,False,True,Growthfactor,False,False,,,,
Q8WXF3,REL3_HUMAN,False,True,False,False,True,Hormone,False,False,,,,
Q92583,CCL17_HUMAN,False,True,False,False,True,Cytokine,False,False,,,,
Q92838,EDA_HUMAN,True,True,False,False,False,,False,False,,,,
Q93097,WNT2B_HUMAN,False,True,False,False,True,CellSignal_WNT,False,False,,,,
Q969D9,TSLP_HUMAN,False,True,False,False,True,Cytokine,False,False,,,,
Q969E3,UCN3_HUMAN,False,True,False,False,True,Hormone,False,False,,,,
Q96PD4,IL17F_HUMAN,False,True,False,False,True,Cytokine,False,False,,,,
Q96RP3,UCN2_HUMAN,False,True,False,False,True,Hormone,False,False,,,,
Q99075,HBEGF_HUMAN,True,True,False,False,True,Growthfactor,False,False,,,,
Q99616,CCL13_HUMAN,False,True,False,False,True,Cytokine,False,False,,,,
Q99731,CCL19_HUMAN,False,True,False,False,True,Cytokine,False,False,,,,
Q99748,NRTN_HUMAN,False,True,False,False,True,Growthfactor,False,False,,,,
Q99969,RARR2_HUMAN,False,True,False,False,False,,False,False,,,,
Q9BXY4,RSPO3_HUMAN,False,True,False,False,False,,False,False,,,,
Q9GZP0,PDGFD_HUMAN,False,True,False,False,True,Growthfactor,False,False,,,,
Q9GZV9,FGF23_HUMAN,False,True,False,False,True,Growthfactor,False,False,,,,
Q9GZX6,IL22_HUMAN,False,True,False,False,True,Cytokine,False,False,,,,
Q9H293,IL25_HUMAN,False,True,False,False,True,Cytokine,False,False,,,,
Q9H2A7,CXL16_HUMAN,True,True,False,False,True,Cytokine,False,False,,,,
Q9HBE4,IL21_HUMAN,False,True,False,False,True,Cytokine,False,False,,,,
Q9HC23,PROK2_HUMAN,False,True,False,False,False,,False,False,,,,
Q9HCQ7,NPVF_HUMAN,False,True,False,False,False,,False,False,,,,
Q9NR23,GDF3_HUMAN,False,True,False,False,True,Growthfactor | Cytokine,False,False,,,,
Q9NR61,DLL4_HUMAN,True,False,False,False,False,,False,False,,To_comment,ligandIUPHAR,extracellular_add
Q9NRA1,PDGFC_HUMAN,True,True,False,False,True,Growthfactor,False,False,,,,
Q9NRJ3,CCL28_HUMAN,False,True,False,False,True,Cytokine,False,False,,,,
Q9NYY1,IL20_HUMAN,False,True,False,False,True,Cytokine,False,False,,,,
Q9NZH6,IL37_HUMAN,False,True,False,False,True,Cytokine,False,False,,,,
Q9NZH7,IL36B_HUMAN,False,True,False,False,True,Cytokine,False,False,,,,
Q9NZH8,IL36G_HUMAN,False,True,False,False,True,Cytokine,False,False,,,,
Q9NZQ7,PD1L1_HUMAN,True,False,False,False,False,,False,False,,To_comment,ligandIUPHAR,extracellular_add
Q9P0M4,IL17C_HUMAN,False,True,False,False,True,Cytokine,False,False,,,,
Q9P0W0,IFNK_HUMAN,False,True,False,False,True,Cytokine,False,False,,,,
Q9UBC7,GALP_HUMAN,False,True,False,False,True,Hormone,False,False,,,,
Q9UBD3,XCL2_HUMAN,False,True,False,False,True,Cytokine,False,False,,,,
Q9UBD9,CLCF1_HUMAN,False,True,False,False,True,Cytokine,False,False,,,,
Q9UBH0,I36RA_HUMAN,False,True,False,False,True,Cytokine,False,False,,,,
Q9UBU3,GHRL_HUMAN,False,True,False,False,True,Hormone,False,False,,,,
Q9UHA7,IL36A_HUMAN,False,True,False,False,True,Cytokine,False,False,,,,
Q9UHD0,IL19_HUMAN,False,True,False,False,True,Cytokine,False,False,,,,
Q9UK05,GDF2_HUMAN,False,True,False,False,True,Growthfactor | Cytokine,False,False,,,,
Q9ULZ1,APEL_HUMAN,False,True,False,False,True,Hormone,False,False,,,,
Q9Y258,CCL26_HUMAN,False,True,False,False,True,Cytokine,False,False,,,,
Q9Y264,ANGP4_HUMAN,False,True,False,False,False,,False,False,,,,
Q9Y275,TN13B_HUMAN,True,True,False,False,True,Cytokine,False,False,,,,
Q9Y4X3,CCL27_HUMAN,False,True,False,False,True,Cytokine,False,False,,,,
Q9Y5Q6,INSL5_HUMAN,False,True,False,False,True,Hormone,False,False,,,,
P35555,FBN1_HUMAN,False,True,False,False,True,Hormone,False,False,,,,
Q15768,EFNB3_HUMAN,True,False,False,False,False,,False,False,,To_add,ligandIUPHAR,
O00592,PODXL_HUMAN,True,False,False,False,False,,False,False,,,Migration,
O43157,PLXB1_HUMAN,True,True,False,False,False,,False,False,,,Migration,
P13688,CEAM1_HUMAN,True,True,False,False,False,,False,False,,To_comment,Migration,Extracellular_add
P17948,VGFR1_HUMAN,True,True,False,False,False,,False,False,,,Migration,
P22455,FGFR4_HUMAN,True,True,False,False,True,Growthfactor,False,False,,,Migration,
P29317,EPHA2_HUMAN,True,False,False,False,False,,False,False,,,Migration,
P29320,EPHA3_HUMAN,True,True,False,False,False,,False,False,,,Migration,
P31391,SSR4_HUMAN,True,False,False,False,False,,False,False,,,Migration,
P46663,BKRB1_HUMAN,True,False,False,False,False,,False,False,,,Migration,
Q03167,TGBR3_HUMAN,True,True,False,False,False,,False,False,,,Migration,
Q15303,ERBB4_HUMAN,True,False,False,False,False,,False,False,,,Migration,
Q6UVK1,CSPG4_HUMAN,True,False,False,False,False,,False,False,,,Migration,
P09619,PGFRB_HUMAN,True,False,False,False,False,,False,False,,To_comment,Migration,
P11362,FGFR1_HUMAN,True,False,False,False,False,,False,False,,To_comment,Migration,
O14836,TR13B_HUMAN,True,False,False,False,False,,False,False,,To_add,TNF_family (uniprot),
O60462,NRP2_HUMAN,True,True,False,False,False,Growthfactor,False,False,,To_add | To_comment,High affinity receptor for semaphorins | Growthfactor (uniprot),secretedhigh_add
P07307,ASGR2_HUMAN,True,False,False,False,False,,False,False,,To_add,Mediates the endocytosis of plasma glycoproteins (uniprot),
P07359,GP1BA_HUMAN,True,False,False,False,False,,False,False,,To_add,a surface membrane protein of platelets (uniprot),
P08138,TNR16_HUMAN,True,False,False,False,False,,False,False,,To_add,TNF_receptor_add (uniprot),
P14151,LYAM1_HUMAN,True,False,False,False,False,,False,False,,To_add,Cell surface adhesion protein (uniprot),
P14209,CD99_HUMAN,True,False,False,False,False,,False,False,,To_add,Involved in T-cell adhesion (uniprot),
P15529,MCP_HUMAN,True,False,False,False,False,,False,False,,To_add,costimulatory factor (uniprot),
P16066,ANPRA_HUMAN,True,False,False,False,False,,False,False,,To_add,Receptor (uniprot),
P16109,LYAM3_HUMAN,True,False,False,False,False,,False,False,,To_add,Ca2+-dependent receptor (uniprot),
P17342,ANPRC_HUMAN,True,False,False,False,False,,False,False,,To_add,Receptor for the natriuretic peptide hormones (uniprot),
P20023,CR2_HUMAN,True,False,False,False,False,,False,False,,To_add,Receptor for complement C3Dd (uniprot),
P26715,NKG2A_HUMAN,True,False,False,False,False,,False,False,,To_add | To_comment,KLR_add (uniprot),Extracellular_add
P26717,NKG2C_HUMAN,True,False,False,False,False,,False,False,,To_add | To_comment,KLR_add (uniprot),Extracellular_add
P26842,CD27_HUMAN,True,False,False,False,False,,False,False,,To_add,Cytokine_receptor_add (uniprot),
P27037,AVR2A_HUMAN,True,False,False,False,False,,False,False,,To_add,complex (uniprot),
P28906,CD34_HUMAN,True,False,False,False,False,,False,False,,To_add,Possible adhesion molecule (uniprot),
P28907,CD38_HUMAN,True,False,False,False,False,,False,False,,To_add,moonlights as a receptor in cells of the immune system (uniprot),
P36894,BMR1A_HUMAN,True,False,False,False,False,,False,False,,To_add | To_comment,complex (uniprot),Extracellular_add
P36941,TNR3_HUMAN,True,False,False,False,False,,False,False,,To_add,TNF_receptor_add (uniprot),
P43489,TNR4_HUMAN,True,False,False,False,False,,False,False,,To_add,TNF_receptor_add (uniprot),
Q07011,TNR9_HUMAN,True,False,False,False,False,,False,False,,To_add,TNF_receptor_add (uniprot),
Q12918,KLRB1_HUMAN,True,False,False,False,False,,False,False,,To_add | To_comment,KLR_add (uniprot),Extracellular_add
Q13261,I15RA_HUMAN,True,True,False,False,True,Cytokine,False,False,,To_add,Cytokine_receptor (uniprot),
Q14242,SELPL_HUMAN,True,False,False,False,False,,False,False,,To_add,calcium-dependent interactions with E-,
Q16570,ACKR1_HUMAN,True,False,False,False,False,,False,False,,To_add,Atypical chemokine receptor (uniprot),
Q8TD07,N2DL4_HUMAN,True,True,False,False,False,,False,False,,To_add,Binds and activates the KLRK1/NKG2D receptor (uniprot),
Q92956,TNR14_HUMAN,True,False,False,False,False,,False,False,,To_add,TNF_receptor_add (uniprot),
Q96JQ5,M4A4A_HUMAN,True,False,False,False,False,,False,False,,To_add,May be involved in signal transduction as a component of a multimeric receptor complex. (uniprot),
Q96RJ3,TR13C_HUMAN,True,False,False,False,False,,False,False,,To_add,TNF_receptor_add (uniprot),
Q9HAV5,TNR27_HUMAN,True,False,False,False,False,,False,False,,To_add,TNF_receptor_add (uniprot),
Q9NP84,TNR12_HUMAN,True,False,False,False,False,,False,False,,To_add,TNF_receptor_add (uniprot),
Q9NZS2,KLRF1_HUMAN,True,False,False,False,False,,False,False,,To_add | To_comment,KLR_add (uniprot),Extracellular_add
Q9UBN6,TR10D_HUMAN,True,False,False,False,False,,False,False,,To_add,TNF_receptor_add (uniprot),
Q9UEW3,MARCO_HUMAN,True,False,False,False,False,,False,False,,To_add,Pattern recognition receptor (PRR) (uniprot),
Q9UNE0,EDAR_HUMAN,True,False,False,False,False,,False,False,,To_add,TNF_receptor_add (uniprot),
O00220,TR10A_HUMAN,True,False,False,False,False,,False,False,,To_add,TNF_receptor_add (uniprot),
O14763,TR10B_HUMAN,True,False,False,False,False,,False,False,,To_add,TNF_receptor_add (uniprot),
Q04912,RON_HUMAN,True,False,False,False,False,,False,False,,To_add,Receptor tyrosine kinase that transduces signals from the extracellular matrix into the cytoplasm by binding to MST1 ligand. (uniprot),
Q13591,SEM5A_HUMAN,True,False,False,False,False,,False,False,,To_add | To_comment,Ligand for receptor PLXNB3. (uniprot),
O75326,SEM7A_HUMAN,True,False,False,False,False,,False,False,,,Possible_receptor,
Q8NFY4,SEM6D_HUMAN,True,False,False,False,False,,False,False,,,Possible_receptor,
Q9NTN9,SEM4G_HUMAN,True,False,False,False,False,,False,False,,,Possible_receptor,
P01732,CD8A_HUMAN,True,True,False,False,False,,False,False,,To_comment,,Receptor_add
P20273,CD22_HUMAN,True,False,False,False,False,,False,False,,To_comment,,Receptor_add
P48357,LEPR_HUMAN,True,True,False,False,False,,False,False,,To_comment,,Receptor_add
Q08722,CD47_HUMAN,True,False,False,False,False,,False,False,,To_comment,,Receptor_add | Extracellular_add
Q15109,RAGE_HUMAN,True,True,False,False,False,,False,False,,To_comment,,Receptor_add
Q9BZM6,N2DL1_HUMAN,True,False,False,False,False,,False,False,,To_comment,,Receptor_add | Extracellular_add
Q9C0C4,SEM4C_HUMAN,True,False,False,False,False,,False,False,,To_comment,,Receptor_add
Q9Y6W8,ICOS_HUMAN,True,True,False,False,False,,False,False,,To_comment,,Receptor_add
Q13546,RIPK1_HUMAN,True,False,False,False,False,,False,False,,To_comment,,Receptor_add
P04233,HG2A_HUMAN,True,False,False,False,False,,False,False,,To_comment,Chemokine_receptor_add,Receptor_add
P10600,TGFB3_HUMAN,True,True,False,False,True,Growthfactor | Cytokine,False,False,,To_add | To_comment,TGFbeta_family | ligandIUPHAR,extracellular_add
Q9UNG2,TNF18_HUMAN,True,True,False,False,True,cytokine,False,False,,To_add,cytokine,
A6NMZ7,CO6A6_HUMAN,False,True,False,False,False,,False,False,,,Collagen,
A8TX70,CO6A5_HUMAN,False,True,False,False,False,,False,False,,,Collagen,
D3W0D1,KLRF2_HUMAN,True,False,False,False,False,,False,False,,To_comment,,Extracellular_add
O00144,FZD9_HUMAN,True,False,False,False,False,,False,False,,To_comment,,Extracellular_add
O00155,GPR25_HUMAN,True,False,False,False,False,,False,False,,,,
O00292,LFTY2_HUMAN,False,True,False,False,True,Growthfactor | Cytokine,False,False,,,,
O00300,TR11B_HUMAN,False,True,False,False,False,,False,False,,,,
O00421,CCRL2_HUMAN,True,False,False,False,False,,False,False,,,,
O00548,DLL1_HUMAN,True,False,False,False,False,,False,False,,,,
O00574,CXCR6_HUMAN,True,False,False,False,False,,False,False,,,,
O00590,ACKR2_HUMAN,True,False,False,False,False,,False,False,,,,
O14786,NRP1_HUMAN,True,True,False,False,True,Growthfactor,False,False,,,,
O14798,TR10C_HUMAN,True,False,False,False,False,,False,False,,,,
O14931,NCTR3_HUMAN,True,False,False,False,False,,False,False,,To_comment,,Extracellular_add
O15031,PLXB2_HUMAN,True,False,False,False,False,,False,False,,,,
O15041,SEM3E_HUMAN,False,True,False,False,False,,False,False,,,,
O15354,GPR37_HUMAN,True,False,False,False,False,,False,False,,,,
O43193,MTLR_HUMAN,True,False,False,False,False,,False,False,,,,
O43603,GALR2_HUMAN,True,False,False,False,False,,False,False,,,,
O43613,OX1R_HUMAN,True,False,False,False,False,,False,False,,,,
O43614,OX2R_HUMAN,True,False,False,False,False,,False,False,,,,
O60353,FZD6_HUMAN,True,False,False,False,False,,False,False,,To_comment,,Extracellular_add
O60755,GALR3_HUMAN,True,False,False,False,False,,False,False,,,,
O60883,ETBR2_HUMAN,True,False,False,False,False,,False,False,,,,
O75084,FZD7_HUMAN,True,False,False,False,False,,False,False,,To_comment,,Extracellular_add
O75473,LGR5_HUMAN,True,False,False,False,False,,False,False,,,,
O75610,LFTY1_HUMAN,False,True,False,False,True,Growthfactor | Cytokine,False,False,,,,
O95407,TNF6B_HUMAN,False,True,False,False,False,,False,False,,,,
O95750,FGF19_HUMAN,False,True,False,False,True,Growthfactor,False,False,,,,
O95800,GPR75_HUMAN,True,False,False,False,False,,False,False,,,,
O95838,GLP2R_HUMAN,True,False,False,False,False,,False,False,,,,
O95971,BY55_HUMAN,True,False,False,False,False,,False,False,,,,
P00742,FA10_HUMAN,False,True,False,False,False,,False,False,,,,
P00747,PLMN_HUMAN,False,True,False,False,False,,False,False,,,,
P02766,TTHY_HUMAN,False,True,False,False,True,Hormone,False,False,,,,
P02768,ALBU_HUMAN,False,True,False,False,False,,False,False,,,,
P04155,TFF1_HUMAN,False,True,False,False,True,Growthfactor,False,False,,,,
P04216,THY1_HUMAN,True,False,False,False,False,,False,False,,,,
P04629,NTRK1_HUMAN,True,False,False,False,False,,False,False,,,,
P05997,CO5A2_HUMAN,False,True,False,False,False,,False,False,,,Collagen,
P06734,FCER2_HUMAN,True,True,False,False,False,,False,False,,,,
P07550,ADRB2_HUMAN,True,False,False,False,False,,False,False,,,,
P08123,CO1A2_HUMAN,False,True,False,False,False,,False,False,,,Collagen,
P08174,DAF_HUMAN,True,True,False,False,False,,False,False,,,,
P08572,CO4A2_HUMAN,False,True,False,False,False,,False,False,,,Collagen,
P09326,CD48_HUMAN,True,False,False,False,False,,False,False,,To_comment,,Extracellular_add
P0DMS8,AA3R_HUMAN,True,False,False,False,False,,False,False,,,,
P10912,GHR_HUMAN,True,True,False,False,False,,False,False,,,,
P11047,LAMC1_HUMAN,False,True,False,False,False,,False,False,,,laminin,
P12107,COBA1_HUMAN,False,True,False,False,False,,False,False,,,Collagen,
P12109,CO6A1_HUMAN,False,True,False,False,False,,False,False,,,Collagen,
P12110,CO6A2_HUMAN,False,True,False,False,False,,False,False,,,Collagen,
P12111,CO6A3_HUMAN,False,True,False,False,False,,False,False,,,Collagen,
P12830,CADH1_HUMAN,True,False,False,False,False,,False,False,,,Cadherin,
P13385,TDGF1_HUMAN,True,False,False,False,False,,False,False,,,,
P13591,NCAM1_HUMAN,True,True,False,False,False,,False,False,,,,
P13942,COBA2_HUMAN,False,True,False,False,False,,False,False,,,Collagen,
P14174,MIF_HUMAN,False,True,False,False,True,Cytokine,False,False,,,,
P14555,PA2GA_HUMAN,False,True,True,False,False,,False,False,,,,
P14735,IDE_HUMAN,True,True,False,False,False,,False,False,,,,
P15151,PVR_HUMAN,True,True,False,False,False,,False,False,,,,
P15813,CD1D_HUMAN,True,False,False,False,False,,False,False,,,,
P16070,CD44_HUMAN,True,False,False,False,False,,False,False,,,,
P16581,LYAM2_HUMAN,True,False,False,False,False,,False,False,,,,
P16619,CL3L1_HUMAN,False,True,False,False,True,Cytokine,False,False,,,,
P16671,CD36_HUMAN,True,False,False,False,False,,False,False,,,,
P19256,LFA3_HUMAN,True,False,False,False,False,,False,False,,To_comment,,Extracellular_add
P20333,TNR1B_HUMAN,True,True,False,False,False,,False,False,,,,
P20594,ANPRB_HUMAN,True,False,False,False,False,,False,False,,,,
P20701,ITAL_HUMAN,True,False,False,False,False,,False,False,,To_comment,Integrin,Extracellular_add
P20849,CO9A1_HUMAN,False,True,False,False,False,,False,False,,,Collagen,
P20908,CO5A1_HUMAN,False,True,False,False,False,,False,False,,,Collagen,
P21246,PTN_HUMAN,False,True,False,False,True,Growthfactor,False,False,,,,
P21462,FPR1_HUMAN,True,False,False,False,False,,False,False,,,,
P21709,EPHA1_HUMAN,True,False,False,False,False,,False,False,,,,
P21730,C5AR1_HUMAN,True,False,False,False,False,,False,False,,,,
P21731,TA2R_HUMAN,True,False,False,False,False,,False,False,,,,
P21741,MK_HUMAN,False,True,False,False,True,Growthfactor,False,False,,,,
P21802,FGFR2_HUMAN,True,True,False,False,True,Growthfactor,False,False,,,,
P21860,ERBB3_HUMAN,True,True,False,False,False,,False,False,,,,
P22888,LSHR_HUMAN,True,False,False,False,False,,False,False,,,,
P22897,MRC1_HUMAN,True,False,False,False,False,,False,False,,,,
P23471,PTPRZ_HUMAN,True,True,False,False,False,,False,False,,,,
P23945,FSHR_HUMAN,True,False,False,False,False,,False,False,,,,
P24821,TENA_HUMAN,False,True,False,False,False,,False,False,,,,
P25024,CXCR1_HUMAN,True,False,False,False,False,,False,False,,,,
P25025,CXCR2_HUMAN,True,False,False,False,False,,False,False,,,,
P25067,CO8A2_HUMAN,False,True,False,False,False,,False,False,,,Collagen,
P25089,FPR3_HUMAN,True,False,False,False,False,,False,False,,,,
P25090,FPR2_HUMAN,True,False,False,False,False,,False,False,,,,
P25092,GUC2C_HUMAN,True,False,False,False,False,,False,False,,,,
P25101,EDNRA_HUMAN,True,False,False,False,False,,False,False,,,,
P25929,NPY1R_HUMAN,True,False,False,False,False,,False,False,,,,
P25940,CO5A3_HUMAN,False,True,False,False,False,,False,True,Collagen,,Collagen,
P25942,TNR5_HUMAN,True,True,False,False,False,,False,False,,To_comment,,Extracellular_add
P27487,DPP4_HUMAN,True,True,False,False,False,,False,False,,,,
P27658,CO8A1_HUMAN,False,True,False,False,False,,False,True,Collagen,,Collagen,
P28799,GRN_HUMAN,False,True,False,False,True,Cytokine,False,False,,,,
P28908,TNR8_HUMAN,True,False,False,False,False,,False,False,,,,
P29274,AA2AR_HUMAN,True,False,False,False,False,,False,False,,,,
P29275,AA2BR_HUMAN,True,False,False,False,False,,False,False,,,,
P29322,EPHA8_HUMAN,True,False,False,False,False,,False,False,,,,
P29400,CO4A5_HUMAN,False,True,False,False,False,,False,True,Collagen,,Collagen,
P30530,UFO_HUMAN,True,False,False,False,False,,False,False,,,,
P30542,AA1R_HUMAN,True,False,False,False,False,,False,False,,,,
P30550,GRPR_HUMAN,True,False,False,False,False,,False,False,,,,
P30556,AGTR1_HUMAN,True,False,False,False,False,,False,False,,,,
P30872,SSR1_HUMAN,True,False,False,False,False,,False,False,,,,
P30968,GNRHR_HUMAN,True,False,False,False,False,,False,False,,,,
P30988,CALCR_HUMAN,True,False,False,False,False,,False,False,,,,
P30989,NTR1_HUMAN,True,False,False,False,False,,False,False,,,,
P31358,CD52_HUMAN,True,False,False,False,False,,False,False,,,,
P32004,L1CAM_HUMAN,True,False,False,False,False,,False,False,,,,
P32238,CCKAR_HUMAN,True,False,False,False,False,,False,False,,,,
P32239,GASR_HUMAN,True,False,False,False,False,,False,False,,,,
P32241,VIPR1_HUMAN,True,False,False,False,False,,False,False,,,,
P32245,MC4R_HUMAN,True,False,False,False,False,,False,False,,,,
P32246,CCR1_HUMAN,True,False,False,False,False,,False,False,,,,
P32248,CCR7_HUMAN,True,False,False,False,False,,False,False,,,,
P32302,CXCR5_HUMAN,True,False,False,False,False,,False,False,,,,
P33032,MC5R_HUMAN,True,False,False,False,False,,False,False,,,,
P35367,HRH1_HUMAN,True,False,False,False,False,,False,False,,,,
P35414,APJ_HUMAN,True,False,False,False,False,,False,False,,,,
P35916,VGFR3_HUMAN,True,True,False,False,False,,False,False,,,,
P37288,V1AR_HUMAN,True,False,False,False,False,,False,False,,,,
P39059,COFA1_HUMAN,False,True,False,False,False,,False,True,Collagen,,Collagen,
P39060,COIA1_HUMAN,False,True,False,False,False,,False,True,Collagen,,Collagen,
P40238,TPOR_HUMAN,True,False,False,False,False,,False,False,,,,
P41217,OX2G_HUMAN,True,False,False,False,False,,False,False,,To_comment,,Extracellular_add
P41586,PACR_HUMAN,True,False,False,False,False,,False,False,,,,
P41597,CCR2_HUMAN,True,False,False,False,False,,False,False,,,,
P41968,MC3R_HUMAN,True,False,False,False,False,,False,False,,,,
P42081,CD86_HUMAN,True,False,False,False,False,,False,False,,To_comment,,Extracellular_add
P43115,PE2R3_HUMAN,True,False,False,False,False,,False,False,,,,
P43119,PI2R_HUMAN,True,False,False,False,False,,False,False,,,,
P43490,NAMPT_HUMAN,False,True,False,False,True,Cytokine,False,False,,,,
P43626,KI2L1_HUMAN,True,False,False,False,False,,False,False,,To_comment,,Extracellular_add
P43628,KI2L3_HUMAN,True,False,False,False,False,,False,False,,To_comment,,Extracellular_add
P43629,KI3L1_HUMAN,True,False,False,False,False,,False,False,,To_comment,,Extracellular_add
P43630,KI3L2_HUMAN,True,False,False,False,False,,False,False,,To_comment,,Extracellular_add
P46091,GPR1_HUMAN,True,False,False,False,False,,False,False,,,,
P46092,CCR10_HUMAN,True,False,False,False,False,,False,False,,,,
P46094,XCR1_HUMAN,True,False,False,False,False,,False,False,,,,
P47211,GALR1_HUMAN,True,False,False,False,False,,False,False,,,,
P47872,SCTR_HUMAN,True,False,False,False,False,,False,False,,,,
P48145,NPBW1_HUMAN,True,False,False,False,False,,False,False,,,,
P48146,NPBW2_HUMAN,True,False,False,False,False,,False,False,,,,
P48745,NOV_HUMAN,False,True,False,False,True,Growthfactor,False,False,,,,
P48960,CD97_HUMAN,True,True,False,False,False,,False,False,,,,
P49146,NPY2R_HUMAN,True,False,False,False,False,,False,False,,,,
P49190,PTH2R_HUMAN,True,False,False,False,False,,False,False,,,,
P49238,CX3C1_HUMAN,True,False,False,False,False,,False,False,,,,
P49286,MTR1B_HUMAN,True,False,False,False,False,,False,False,,,,
P49682,CXCR3_HUMAN,True,False,False,False,False,,False,False,,,,
P49683,PRLHR_HUMAN,True,False,False,False,False,,False,False,,,,
P50052,AGTR2_HUMAN,True,False,False,False,False,,False,False,,,,
P50391,NPY4R_HUMAN,True,False,False,False,False,,False,False,,,,
P51677,CCR3_HUMAN,True,False,False,False,False,,False,False,,,,
P51679,CCR4_HUMAN,True,False,False,False,False,,False,False,,,,
P51681,CCR5_HUMAN,True,False,False,False,False,,False,False,,,,
P51684,CCR6_HUMAN,True,False,False,False,False,,False,False,,,,
P51685,CCR8_HUMAN,True,False,False,False,False,,False,False,,,,
P51686,CCR9_HUMAN,True,False,False,False,False,,False,False,,,,
P53420,CO4A4_HUMAN,False,True,False,False,False,,False,False,,,Collagen,
P54762,EPHB1_HUMAN,True,False,False,False,False,,False,False,,,,
P54764,EPHA4_HUMAN,True,False,False,False,False,,False,False,,,,
P58294,PROK1_HUMAN,False,True,False,False,True,Growthfactor,False,False,,,,
P61073,CXCR4_HUMAN,True,False,False,False,False,,False,False,,,,
Q01726,MSHR_HUMAN,True,False,False,False,False,,False,False,,,,
Q01955,CO4A3_HUMAN,False,True,False,False,False,,False,False,,,Collagen,
Q01974,ROR2_HUMAN,True,False,False,False,False,,False,False,,,,
Q02223,TNR17_HUMAN,True,False,False,False,False,,False,False,,,,
Q02388,CO7A1_HUMAN,False,True,False,False,False,,False,False,,,Collagen,
Q02413,DSG1_HUMAN,True,False,False,False,False,,False,False,,,desmosome junctions,
Q02487,DSC2_HUMAN,True,False,False,False,False,,False,False,,,desmosome junctions,
Q03405,UPAR_HUMAN,True,True,False,False,False,,False,False,,,,
Q03431,PTH1R_HUMAN,True,False,False,False,False,,False,False,,,,
Q03692,COAA1_HUMAN,False,True,False,False,False,,False,False,,,Collagen,
Q04721,NOTC2_HUMAN,True,False,False,False,False,,False,False,,,,
Q05707,COEA1_HUMAN,False,True,False,False,False,,False,False,,,Collagen,
Q06418,TYRO3_HUMAN,True,False,False,False,False,,False,False,,,,
Q07092,COGA1_HUMAN,False,True,False,False,False,,False,False,,,Collagen,
Q08345,DDR1_HUMAN,True,True,False,False,False,,False,False,,,,
Q08554,DSC1_HUMAN,True,False,False,False,False,,False,False,,,desmosome junctions,
Q13275,SEM3F_HUMAN,False,True,False,False,False,,False,False,,,,
Q13324,CRFR2_HUMAN,True,False,False,False,False,,False,False,,,,
Q13467,FZD5_HUMAN,True,False,False,False,False,,False,False,,To_comment,,Extracellular_add
Q13740,CD166_HUMAN,True,True,False,False,False,,False,False,,To_comment,,Extracellular_add
Q14031,CO4A6_HUMAN,False,True,False,False,False,,False,False,,,Collagen,
Q14050,CO9A3_HUMAN,False,True,False,False,False,,False,False,,,Collagen,
Q14055,CO9A2_HUMAN,False,True,False,False,False,,False,False,,,Collagen,
Q14126,DSG2_HUMAN,True,False,False,False,False,,False,False,,,desmosome junctions,
Q14332,FZD2_HUMAN,True,False,False,False,False,,False,False,,To_comment,,Extracellular_add
Q14563,SEM3A_HUMAN,False,True,False,False,False,,False,False,,,,
Q14574,DSC3_HUMAN,True,False,False,False,False,,False,False,,,desmosome junctions,
Q14773,ICAM4_HUMAN,True,True,False,False,False,,False,False,,,,
Q14943,KI3S1_HUMAN,True,False,False,False,False,,False,False,,,,
Q14993,COJA1_HUMAN,False,True,False,False,False,,False,False,,,Collagen,
Q15223,PVRL1_HUMAN,True,True,False,False,False,,False,False,,,,
Q15760,GPR19_HUMAN,True,False,False,False,False,,False,False,,,,
Q15761,NPY5R_HUMAN,True,False,False,False,False,,False,False,,,,
Q15762,CD226_HUMAN,True,False,False,False,False,,False,False,,To_comment,,Extracellular_add
Q16581,C3AR_HUMAN,True,False,False,False,False,,False,False,,,,
Q16787,LAMA3_HUMAN,False,True,False,False,False,,False,False,,,laminin,
Q17RW2,COOA1_HUMAN,False,True,False,False,False,,False,False,,,Collagen,
Q2UY09,COSA1_HUMAN,False,True,False,False,False,,False,False,,,Collagen,
Q495A1,TIGIT_HUMAN,True,False,False,False,False,,False,False,,To_comment,,Extracellular_add
Q5TAT6,CODA1_HUMAN,True,False,False,False,False,,False,False,,,Collagen,
Q5VY80,RET1L_HUMAN,True,False,False,False,False,,False,False,,,,
Q68D85,NR3L1_HUMAN,True,False,False,False,False,,False,False,,To_comment,,Extracellular_add
Q6GTX8,LAIR1_HUMAN,True,False,False,False,False,,False,False,,,,
Q6H3X3,RET1G_HUMAN,True,True,False,False,False,,False,False,,,,
Q6UVW9,CLC2A_HUMAN,True,False,False,False,False,,False,False,,To_comment,,Extracellular_add
Q6UW32,IGFL1_HUMAN,False,True,False,False,True,Growthfactor,False,False,,,,
Q6UWQ7,IGFL2_HUMAN,False,True,False,False,True,Growthfactor,False,False,,,,
Q6UXB1,IGFL3_HUMAN,False,True,False,False,True,Growthfactor,False,False,,,,
Q6W5P4,NPSR1_HUMAN,True,False,False,False,False,,False,False,,,,
Q6ZMJ4,IL34_HUMAN,False,True,False,False,True,Growthfactor | Cytokine,False,False,,,,
Q86WN2,IFNE_HUMAN,False,True,False,False,True,Cytokine,False,False,,,,
Q8IZC6,CORA1_HUMAN,False,True,False,False,False,,False,False,,,Collagen,
Q8NFJ6,PKR2_HUMAN,True,False,False,False,False,,False,False,,,,
Q8NFW1,COMA1_HUMAN,False,True,False,False,False,,False,False,,,Collagen,
Q8NHJ6,LIRB4_HUMAN,True,False,False,False,False,,False,False,,,,
Q8NHL6,LIRB1_HUMAN,True,True,False,False,False,,False,False,,,,
Q8TCW9,PKR1_HUMAN,True,False,False,False,False,,False,False,,,,
Q8TD46,MO2R1_HUMAN,True,True,False,False,False,,False,False,,,,
Q8TDU9,RL3R2_HUMAN,True,False,False,False,False,,False,False,,,,
Q8WWZ1,IL1FA_HUMAN,False,True,False,False,True,Cytokine,False,False,,,,
Q8WXD0,RXFP2_HUMAN,True,False,False,False,False,,False,False,,,,
Q92520,FAM3C_HUMAN,False,True,False,False,True,Cytokine_like,False,False,,,,
Q92692,PVRL2_HUMAN,True,False,False,False,False,,False,False,,To_comment,,Extracellular_add
Q92847,GHSR_HUMAN,True,False,False,False,False,,False,False,,,,
Q92854,SEM4D_HUMAN,True,False,False,False,False,,False,False,,,,
Q969E1,LEAP2_HUMAN,False,True,False,False,False,,False,False,,,,
Q969F8,KISSR_HUMAN,True,False,False,False,False,,False,False,,,,
Q96A83,COQA1_HUMAN,False,True,False,False,False,,False,False,,,Collagen,
Q96E93,KLRG1_HUMAN,True,False,False,False,False,,False,False,,,,
Q96LB1,MRGX2_HUMAN,True,False,False,False,False,,False,False,,,,
Q96LB2,MRGX1_HUMAN,True,False,False,False,False,,False,False,,,,
Q96LC7,SIG10_HUMAN,True,True,False,False,False,,False,True,Sialic acid-binding Ig-like,,Sialic acid-binding Ig-like,
Q96P44,COLA1_HUMAN,False,True,False,False,False,,False,False,,,Collagen,
Q96P65,QRFPR_HUMAN,True,False,False,False,False,,False,False,,,,
Q96PJ5,FCRL4_HUMAN,True,False,False,False,False,,False,False,,,,
Q96QR1,SG3A1_HUMAN,False,True,False,False,True,Cytokine,False,False,,,,
Q96S42,NODAL_HUMAN,False,True,False,False,True,Growthfactor | Cytokine,False,False,,,,
Q99062,CSF3R_HUMAN,True,True,False,False,False,,False,False,,,,
Q99466,NOTC4_HUMAN,True,False,False,False,False,,False,False,,,,
Q99715,COCA1_HUMAN,False,True,False,False,False,,False,False,,,Collagen,
Q99788,CML1_HUMAN,True,False,False,False,False,,False,False,,,,
Q99983,OMD_HUMAN,False,True,False,False,False,,False,False,,,,
Q99985,SEM3C_HUMAN,False,True,False,False,False,,False,False,,,,
Q99988,GDF15_HUMAN,False,True,False,False,True,Growthfactor | Cytokine,False,False,,,,
Q9BQ51,PD1L2_HUMAN,True,True,False,False,False,,False,False,,To_comment,,Extracellular_add
Q9BX67,JAM3_HUMAN,True,True,False,False,False,,False,False,,,,
Q9BXB1,LGR4_HUMAN,True,False,False,False,False,,False,False,,,,
Q9BY67,CADM1_HUMAN,True,False,False,False,False,,False,False,,To_comment,,Extracellular_add
Q9BZM4,N2DL3_HUMAN,True,False,False,False,False,,False,False,,To_comment,,Extracellular_add
Q9BZM5,N2DL2_HUMAN,True,True,False,False,False,,False,False,,,,
Q9BZZ2,SN_HUMAN,True,True,False,False,False,,False,True,Sialic acid-binding Ig-like,,Sialic acid-binding Ig-like,
Q9GZQ4,NMUR2_HUMAN,True,False,False,False,False,,False,False,,,,
Q9GZQ6,NPFF1_HUMAN,True,False,False,False,False,,False,False,,,,
Q9H2X3,CLC4M_HUMAN,True,True,False,False,False,,False,False,,,,
Q9H3N8,HRH4_HUMAN,True,False,False,False,False,,False,False,,,,
Q9H3S1,SEM4A_HUMAN,True,False,False,False,False,,False,False,,,,
Q9H461,FZD8_HUMAN,True,False,False,False,False,,False,False,,To_comment,,Extracellular_add
Q9H665,IGFR1_HUMAN,True,False,False,False,False,,False,False,,,,
Q9HB89,NMUR1_HUMAN,True,False,False,False,False,,False,False,,,,
Q9HBX8,LGR6_HUMAN,True,False,False,False,False,,False,False,,,,
Q9HBX9,RXFP1_HUMAN,True,False,False,False,False,,False,False,,,,
Q9HC73,CRLF2_HUMAN,True,True,False,False,False,,False,False,,,,
Q9HC97,GPR35_HUMAN,True,False,False,False,False,,False,False,,,,
Q9HD89,RETN_HUMAN,False,True,False,False,True,Hormone,False,False,,,,
Q9NNX6,CD209_HUMAN,True,True,False,False,False,,False,False,,,,
Q9NPB9,ACKR4_HUMAN,True,False,False,False,False,,False,False,,,,
Q9NPG1,FZD3_HUMAN,True,False,False,False,False,,False,False,,To_comment,,Extracellular_add
Q9NPH9,IL26_HUMAN,False,True,False,False,True,Cytokine,False,False,,,,
Q9NQS3,PVRL3_HUMAN,True,False,False,False,False,,False,False,,To_comment,,Extracellular_add
Q9NSD7,RL3R1_HUMAN,True,False,False,False,False,,False,False,,,,
Q9NZN1,IRPL1_HUMAN,True,False,False,False,False,,False,False,,,,
Q9P218,COKA1_HUMAN,False,True,False,False,False,,False,False,,,Collagen,
Q9P296,C5AR2_HUMAN,True,False,False,False,False,,False,False,,,,
Q9UHP7,CLC2D_HUMAN,True,False,False,False,False,,False,False,,To_comment,,Extracellular_add
Q9UKJ1,PILRA_HUMAN,True,True,False,False,False,,False,False,,,,
Q9UKP6,UR2R_HUMAN,True,False,False,False,False,,False,False,,,,
Q9ULL4,PLXB3_HUMAN,True,False,False,False,False,,False,False,,,,
Q9ULV1,FZD4_HUMAN,True,False,False,False,False,,False,False,,To_comment,,Extracellular_add
Q9ULW2,FZD10_HUMAN,True,False,False,False,False,,False,False,,To_comment,,Extracellular_add
Q9UM47,NOTC3_HUMAN,True,False,False,False,False,,False,False,,,,
Q9UM73,ALK_HUMAN,True,False,False,False,False,,False,False,,,,
Q9UMD9,COHA1_HUMAN,False,True,False,False,False,,False,False,,,Collagen,
Q9UP38,FZD1_HUMAN,True,False,False,False,False,,False,False,,To_comment,,Extracellular_add
Q9Y4D7,PLXD1_HUMAN,True,False,False,False,False,,False,False,,,,
Q9Y581,INSL6_HUMAN,False,True,False,False,True,Hormone,False,False,,,,
Q9Y5U5,TNR18_HUMAN,True,True,False,False,False,,False,False,,,,
Q9Y624,JAM1_HUMAN,True,False,False,False,False,,False,False,,To_comment,,Extracellular_add
Q9Y6Q6,TNR11_HUMAN,True,False,False,False,False,,False,False,,,,
P00533,EGFR_HUMAN,True,True,False,False,False,,False,False,,,,
P06213,INSR_HUMAN,True,False,False,False,False,,False,False,,,,
P06239,LCK_HUMAN,True,False,False,False,False,,False,False,,To_comment,,Extracellular_add
P07333,CSF1R_HUMAN,True,False,False,False,False,,False,False,,,,
P08069,IGF1R_HUMAN,True,False,False,False,False,,False,False,,,,
P10721,KIT_HUMAN,True,False,False,False,False,,False,False,,,,
P16234,PGFRA_HUMAN,True,False,False,False,False,,False,False,,,,
P16410,CTLA4_HUMAN,True,False,False,False,False,,False,False,,To_comment,,Extracellular_add
P19235,EPOR_HUMAN,True,True,False,False,False,,False,False,,,,
P19438,TNR1A_HUMAN,True,True,False,False,False,,False,False,,,,
P22607,FGFR3_HUMAN,True,True,False,False,True,Growthfactor,False,False,,,,
P25445,TNR6_HUMAN,True,True,False,False,False,,False,False,,,,
P26718,NKG2D_HUMAN,True,False,False,False,False,,False,False,,To_comment,,Extracellular_add
P30203,CD6_HUMAN,True,True,False,False,False,,False,False,,,,
P35968,VGFR2_HUMAN,True,True,False,False,False,,False,False,,,,
P46531,NOTC1_HUMAN,True,False,False,False,False,,False,False,,,,
Q02763,TIE2_HUMAN,True,True,False,False,False,,False,False,,,,
Q07954,LRP1_HUMAN,True,False,False,False,False,,False,False,,,,
Q10589,BST2_HUMAN,True,False,False,False,False,,False,False,,,,
Q16620,NTRK2_HUMAN,True,False,False,False,False,,False,False,,,,
Q29980,MICB_HUMAN,True,False,False,False,False,,False,False,,To_comment,,Extracellular_add
Q29983,MICA_HUMAN,True,False,False,False,False,,False,False,,,,
Q93038,TNR25_HUMAN,True,True,False,False,False,,False,False,,,,
Q99523,SORT_HUMAN,True,False,False,False,False,,False,False,,,,
Q9BZW8,CD244_HUMAN,True,False,False,False,False,,False,False,,To_comment,,Extracellular_add
P34925,RYK_HUMAN,True,False,False,False,False,,False,False,,To_remove,no ensembl,
O15197,EPHB6_HUMAN,True,True,False,False,False,,False,True,,To_remove,no ensembl,
P25063,CD24_HUMAN,True,False,False,False,False,,False,True,cancer antigen,,cancer antigen,
Q92478,CLC2B_HUMAN,True,False,False,False,False,,False,False,,To_add | To_comment,member of the C-type lectin/C-type lectin-like domain (CTL/CTLD) superfamily. NK cell signalling. Reviewed in PMID:24987108,Extracellular_add
P49913,CAMP_HUMAN,False,True,False,False,False,,False,True,,To_remove,no ensembl,
P26927,HGFL_HUMAN,False,True,False,False,False,,False,True,,To_remove,no ensembl,
HLAA,HLAA,True,False,False,False,False,,False,False,,,,
HLAC,HLAC,True,False,False,False,False,,False,False,,,,
HLAB,HLAB,True,False,False,False,False,,False,False,,,,
P07996,TSP1_HUMAN,False,False,True,False,False,,False,False,,To_add | To_comment,Adhesive glycoprotein that mediates cell-to-cell and cell-to-matrix interactions (uniprot),Extracellular_add
P21854,CD72_HUMAN,True,False,False,False,False,,False,False,,To_add | To_comment,Plays a role in B-cell proliferation and differentiation (uniprot),Extracellular_add
P46379,BAG6_HUMAN,False,False,True,False,False,,False,False,,To_add | To_comment,complex,Extracellular_add
P32970,CD70_HUMAN,False,True,False,False,True,Cytokine,False,False,,To_add | To_comment,Cytokine that binds to CD27 (uniprot),secreted_highlight
P01133,EGF_HUMAN,False,True,False,False,True,Growthfactor,False,False,,To_add | To_comment,Uniprot: EGF stimulates the growth of various epidermal and epithelial tissues in vivo and in vitro and of some fibroblasts in cell culture. ,secreted_add | secreted_high| extracellular _add
P15514,AREG_HUMAN,False,True,False,False,True,Growthfactor,False,False,,To_add | To_comment,"Uniprot: Ligand of the EGF receptor/EGFR. Autocrine growth factor as well as a mitogen for a broad range of target cells including astrocytes, Schwann cells and fibroblasts.",secreted_add | secreted_high | extracellular_add
O60486,PLXC1_HUMAN,True,False,False,False,False,,False,False,,To_add | To_comment,"Uniprot: Receptor for SEMA7A, for smallpox semaphorin A39R, vaccinia virus semaphorin A39R and for herpesvirus Sema protein",transmembrane_add | receptor_add | extracellular_add
P80370,DLK1_HUMAN,True,False,False,False,False,,False,False,,To_add | To_comment,,transmembrane_add | extracellular_add
P49961,ENTP1_HUMAN,True,False,False,False,False,,False,False,,To_add | To_comment,,transmembrane_add | extracellular_add
P11717,MPRI_HUMAN,True,False,False,False,False,,False,False,,To_add | To_comment,,transmembrane_add | receptor_add | extracellular_add
Q9Y219,JAG2_HUMAN,True,False,False,False,False,,False,False,,To_add | To_comment,Uniprot:Putative Notch ligand involved in the mediation of Notch signaling. ,transmembrane_add | extracellular_add
Q9NYJ7,DLL3_HUMAN,True,False,False,False,False,,False,False,,To_add | To_comment,,transmembrane_add | extracellular_add
P78504,JAG1_HUMAN,True,False,False,False,False,,False,False,,To_add | To_comment,,transmembrane_add | extracellular_add
P98172,EFNB1_HUMAN,True,False,False,False,False,,False,False,,To_add | To_comment,Uniprot: Binds to the receptor tyrosine kinases EPHB1 and EPHA1.,transmembrane_add | extracellular_add
P14210,HGF_HUMAN,False,True,False,False,True,Growthfactor,False,False,,To_add | To_comment,"Uniprot: Potent mitogen for mature parenchymal hepatocyte cells, seems to be a hepatotrophic factor, and acts as a growth factor for a broad spectrum of tissues and cell types.",secreted_add | secreted_high | extracellular_add
P08581,MET_HUMAN,True,False,False,False,False,,False,False,,To_add | To_comment,,transmembrane_add | receptor_add | extracellular_add
Q6UXV0,GFRAL_HUMAN,True,False,False,False,False,,False,False,,To_add | To_comment,Uniprot:Brainstem-restricted receptor for GDF15,transmembrane_add | receptor_add | extracellular_add
Q9NRV9,HEBP1_HUMAN,True,False,False,False,False,,False,False,,To_add | To_comment,"Genecards: This protein includes a natural chemoattractant peptide of 21 amino acids at the N-terminus, which is a natural ligand for formyl peptide receptor-like receptor 2 (FPRL2) ",transmembrane_add | extracellular_add
O43612,OREX_HUMAN,False,True,False,False,False,,False,False,,To_add | To_comment,Genecards: hypothalamic neuropeptide precursor protein,secreted_add | extracellular_add
Q92896,GSLG1_HUMAN,True,False,False,False,False,,False,False,False,To_add | To_comment,Uniprot: Binds E-selectin,transmembrane_add | extracellular_add
P16150,LEUK_HUMAN,True,False,False,False,False,,False,False,False,To_add | To_comment,Uniprot: cell surface sialoprotein,transmembrane_add | extracellular_add
P08575,PTPRC_HUMAN,True,False,False,False,False,,False,False,False,To_add | To_comment,Uniprot: Protein tyrosine-protein phosphatase required for T-cell activation ,transmembrane_add | extracellular_add
IL17 AF,,False,True,False,False,True,Cytokine,False,False,,,,
IL17 receptor AC,,True,False,False,False,False,,False,False,,,,
aVb6 complex,,True,False,False,True,False,,False,False,,,,
TGFR_AVR2B,,True,False,False,False,False,,False,False,,,,
IL3 receptor,,True,False,False,False,False,,False,False,,,,
LIFR,,True,False,False,False,False,,False,False,,,,
BMR1B_AVR2B,,True,False,False,False,False,,False,False,,,,
Type III IFNR,,True,False,False,False,False,,False,False,,,,
Activin ligand ab,,False,True,False,False,True,TGFb,False,False,,,,
IL27,,False,True,False,False,True,Cytokine receptor IL6 family,False,False,,,,
CD94:NKG2A,,True,False,False,False,False,,False,False,,,,
IL4 receptor,,True,False,False,False,False,,False,False,,,,
IL15 receptor,,True,False,False,False,False,,False,False,,,,
IL1 receptor inhibitor,,True,False,False,False,False,,False,False,,,,
PlexinA1_complex1,,True,False,False,False,False,,False,False,,,,
a4b7 complex,,True,False,False,True,False,,False,False,,,,
MIS receptor 3,,True,False,False,False,False,,False,False,,,,
a11b1 complex,,True,False,False,True,False,,False,False,,,,
ACVR_1A2A receptor,,True,False,False,False,False,,False,False,,,,
IL17 receptor AB,,True,False,False,False,False,,False,False,,,,
a6b4 complex,,True,False,False,True,False,,False,False,,,,
IL36 receptor,,True,False,False,False,False,,False,False,,,,
aXb2 complex,,True,False,False,True,False,,False,False,,,,
Type I IFNR,,True,False,False,False,False,,False,False,,,,
a8b1 complex,,True,False,False,True,False,,False,False,,,,
SIRB1 complex,,True,False,False,False,False,,False,False,,,,
a1b1 complex,,True,False,False,True,False,,False,False,,,,
IL12 receptor,,True,False,False,False,False,,False,False,,,,
PlexinA4_complex1,,True,False,False,False,False,,False,False,,,,
aVb5 complex,,True,False,False,True,False,,False,False,,,,
BMR1A_AVR2B,,True,False,False,False,False,,False,False,,,,
GMCSFR,,True,False,False,False,False,,False,False,,,,
a6b1 complex,,True,False,False,True,False,,False,False,,,,
ACVR1_BMPR2,,True,False,False,False,False,,False,False,,,,
MIS receptor 2,,True,False,False,False,False,,False,False,,,,
TGFbeta receptor2,,True,False,False,False,False,,False,False,,,,
RET receptor 1,,True,False,False,False,False,,False,False,,,,
ACVL1_BMPR2,,True,False,False,False,False,,False,False,,,,
IL35 receptor,,True,False,False,False,False,,False,False,,,,
PlexinA1_complex3,,True,False,False,False,False,,False,False,,,,
IL13 receptor,,True,False,False,False,False,,False,False,,,,
RET receptor 2,,True,False,False,False,False,,False,False,,,,
ACVR_1B2B receptor,,True,False,False,False,False,,False,False,,,,
IL17 receptor AE,,True,False,False,False,False,,False,False,,,,
FLT1 complex,,True,False,False,False,False,,False,True,Migration,,,
IL21 receptor,,True,False,False,False,False,,False,False,,,,
CNTF-1R,,True,False,False,False,False,,False,False,,,,
NODAL receptor,,True,False,False,False,False,,False,False,,,,
IL12,,False,True,False,False,True,"Cytokine receptor IL6 family, IL12 subfamily",False,False,,,,
IL33 receptor,,True,False,False,False,False,,False,False,,,,
IL2 receptor_I,,True,False,False,False,False,,False,False,,,,
IL2 receptor_HA,,True,False,False,False,False,,False,False,,,,
PlexinA3_complex1,,True,False,False,False,False,,False,False,,,,
IL18 receptor,,True,False,False,False,False,,False,False,,,,
a3b1 complex,,True,False,False,True,False,,False,False,,,,
a2Bb3 complex,,True,False,False,True,False,,False,False,,,,
CD94:NKG2C,,True,False,False,False,False,,False,False,,,,
BMPR1B_BMPR2,,True,False,False,False,False,,False,False,,,,
IL11 receptor,,True,False,False,False,False,,False,False,,,,
a10b1 complex,,True,False,False,True,False,,False,False,,,,
IL23 receptor,,True,False,False,False,False,,False,False,,,,
fibrinogen,,False,False,True,False,False,,False,False,,,,
IL22 receptor,,True,False,False,False,False,,False,False,,,,
a7b1 complex,,True,False,False,True,False,,False,False,,,,
RET receptor 4,,True,False,False,False,False,,False,False,,,,
FcRn complex,,True,False,False,False,False,,False,True,"transports immunoglobulin G (IgG) across epithelia,",,,
IL35,,False,True,False,False,True,Cytokine receptor,False,False,,,,
aDb2 complex,,True,False,False,True,False,,False,False,,,,
IL20 receptor Type I,,True,False,False,False,False,,False,False,,,,
MIS receptor 1,,True,False,False,False,False,,False,False,,,,
Type II IFNR,,True,False,False,False,False,,False,False,,,,
a4b1 complex,,True,False,False,True,False,,False,False,,,,
TSLPR,,True,False,False,False,False,,False,False,,,,
BMR1A_ACR2A,,True,False,False,False,False,,False,False,,,,
TGFbeta receptor1,,True,False,False,False,False,,False,False,,,,
OSMR,,True,False,False,False,False,,False,False,,,,
TGFR_AVR2A,,True,False,False,False,False,,False,False,,,,
a9b1 complex,,True,False,False,True,False,,False,False,,,,
aVb3 complex,,True,False,False,True,False,,False,False,,,,
ACVR_1B2A receptor,,True,False,False,False,False,,False,False,,,,
BMPR1A_BMPR2,,True,False,False,False,False,,False,False,,,,
ACVR_1C2A receptor,,True,False,False,False,False,,False,False,,,,
Glycoprotein Ib  complex,,True,False,False,False,False,,False,False,,,,
IL37 receptor,,True,False,False,False,False,,False,False,,,,
a2b1 complex,,True,False,False,True,False,,False,False,,,,
IL9 receptor,,True,False,False,False,False,,False,False,,,,
IL6 receptor,,True,False,False,False,False,,False,False,,,,
IL5 receptor,,True,False,False,False,False,,False,False,,,,
PlexinA2_complex1,,True,False,False,False,False,,False,False,,,,
BMR1B_AVR2A,,True,False,False,False,False,,False,False,,,,
IL27 receptor,,True,False,False,False,False,,False,False,,,,
TGFR_BMPR2,,True,False,False,False,False,,False,False,,,,
IL28 receptor,,True,False,False,False,False,,False,False,,,,
PlexinA1_complex2,,True,False,False,False,False,,False,False,,,,
ACVR_1A2B receptor,,True,False,False,False,False,,False,False,,,,
NKG2D II receptor,,True,False,False,False,False,,False,False,,,,
aMb2 complex,,True,False,False,True,False,,False,False,,,,
a5b1 complex,,True,False,False,True,False,,False,False,,,,
CD94:NKG2E,,True,False,False,False,False,,False,False,,,,
IL7 receptor,,True,False,False,False,False,,False,False,,,,
aEb7 complex,,True,False,False,True,False,,False,False,,,,
aVb1 complex,,True,False,False,True,False,,False,False,,,,
ACVR_1C2B receptor,,True,False,False,False,False,,False,False,,,,
CD8 receptor,,True,False,False,False,False,,False,False,,,,
IL20 receptor Type II,,True,False,False,False,False,,False,False,,,,
PDGFR complex,,True,False,False,False,False,,False,False,,,,
IL1 receptor,,True,False,False,False,False,,False,False,,,,
IL26 receptor,,True,False,False,False,False,,False,False,,,,
RET receptor 3,,True,False,False,False,False,,False,False,,,,
aLb2 complex,,True,False,False,True,False,,False,False,,,,
IL10 receptor,,True,False,False,False,False,,False,False,,,,
IL23,,False,True,False,False,True,"Cytokine receptor IL6 family, IL12 subfamily",False,False,,,,
