DATE ADDED TO CATALOG	PUBMEDID	FIRST AUTHOR	DATE	JOURNAL	LINK	STUDY	DISEASE/TRAIT	INITIAL SAMPLE SIZE	REPLICATION SAMPLE SIZE	REGION	CHR_ID	CHR_POS	REPORTED GENE(S)	MAPPED_GENE	UPSTREAM_GENE_ID	DOWNSTREAM_GENE_ID	SNP_GENE_IDS	UPSTREAM_GENE_DISTANCE	DOWNSTREAM_GENE_DISTANCE	STRONGEST SNP-RISK ALLELE	SNPS	MERGED	SNP_ID_CURRENT	CONTEXT	INTERGENIC	RISK ALLELE FREQUENCY	P-VALUE	PVALUE_MLOG	P-VALUE (TEXT)	OR or BETA	95% CI (TEXT)	PLATFORM [SNPS PASSING QC]	CNV	MAPPED_TRAIT	MAPPED_TRAIT_URI	STUDY ACCESSION	GENOTYPING TECHNOLOGY
2018-08-14	29924316	Byun J	2018-06-19	Carcinogenesis	www.ncbi.nlm.nih.gov/pubmed/29924316	Genome-Wide Association Study of Familial Lung Cancer.	Familial lung adenocarcinoma	775 European ancestry cases, 31,563 European ancestry controls	NA	10q23.31	10	88340394	RNLS	LOC101929727, RNLS			101929727, 55328			rs117634027-T	rs117634027	0	117634027	intron_variant	0	0.006	1E-7	7.0		6.04	[3.11-11.76]	Illumina [8672852] (imputed)	N	lung adenocarcinoma, family history of lung cancer	http://www.ebi.ac.uk/efo/EFO_0000571, http://www.ebi.ac.uk/efo/EFO_0006953	GCST006087	Genome-wide genotyping array
2018-08-14	29924316	Byun J	2018-06-19	Carcinogenesis	www.ncbi.nlm.nih.gov/pubmed/29924316	Genome-Wide Association Study of Familial Lung Cancer.	Familial lung adenocarcinoma	775 European ancestry cases, 31,563 European ancestry controls	NA	13q14.13	13	45539328	FAM194B	COG3 - ERICH6B	83548	220081		2630	1875	rs117151283-G	rs117151283	0	117151283	intron_variant	1	0.027	2E-7	6.698970004336019		2.24	[1.66-3.04]	Illumina [8672852] (imputed)	N	lung adenocarcinoma, family history of lung cancer	http://www.ebi.ac.uk/efo/EFO_0000571, http://www.ebi.ac.uk/efo/EFO_0006953	GCST006087	Genome-wide genotyping array
2018-08-14	29924316	Byun J	2018-06-19	Carcinogenesis	www.ncbi.nlm.nih.gov/pubmed/29924316	Genome-Wide Association Study of Familial Lung Cancer.	Familial lung adenocarcinoma	775 European ancestry cases, 31,563 European ancestry controls	NA	3q22.2	3	135085649	EPHB1	EPHB1			2047			rs114807680-A	rs114807680	0	114807680	intron_variant	0	0.019	2E-7	6.698970004336019		2.71	[1.87-3.95]	Illumina [8672852] (imputed)	N	lung adenocarcinoma, family history of lung cancer	http://www.ebi.ac.uk/efo/EFO_0000571, http://www.ebi.ac.uk/efo/EFO_0006953	GCST006087	Genome-wide genotyping array
2018-08-14	29924316	Byun J	2018-06-19	Carcinogenesis	www.ncbi.nlm.nih.gov/pubmed/29924316	Genome-Wide Association Study of Familial Lung Cancer.	Familial lung adenocarcinoma	775 European ancestry cases, 31,563 European ancestry controls	NA	12q21.33	12	90287370	RP11-753N8.1	LOC105369892 - LOC105369893	105369892	105369893		23476	5948	rs79655816-G	rs79655816	0	79655816	intron_variant	1	0.008	2E-7	6.698970004336019		3.47	[2.17-5.54]	Illumina [8672852] (imputed)	N	lung adenocarcinoma, family history of lung cancer	http://www.ebi.ac.uk/efo/EFO_0000571, http://www.ebi.ac.uk/efo/EFO_0006953	GCST006087	Genome-wide genotyping array
2018-08-14	29924316	Byun J	2018-06-19	Carcinogenesis	www.ncbi.nlm.nih.gov/pubmed/29924316	Genome-Wide Association Study of Familial Lung Cancer.	Familial lung adenocarcinoma	775 European ancestry cases, 31,563 European ancestry controls	NA	20p12.1	20	13654465	NR	TASP1 - ESF1	55617	51575		15529	59857	rs61176212-A	rs61176212	0	61176212	intergenic_variant	1	0.007	2E-7	6.698970004336019		5.3	[2.82-9.96]	Illumina [8672852] (imputed)	N	lung adenocarcinoma, family history of lung cancer	http://www.ebi.ac.uk/efo/EFO_0000571, http://www.ebi.ac.uk/efo/EFO_0006953	GCST006087	Genome-wide genotyping array
2018-08-14	29924316	Byun J	2018-06-19	Carcinogenesis	www.ncbi.nlm.nih.gov/pubmed/29924316	Genome-Wide Association Study of Familial Lung Cancer.	Familial lung adenocarcinoma	775 European ancestry cases, 31,563 European ancestry controls	NA	2q37.1	2	234452501	AC097713.3	LOC105373934			105373934			rs148944993-A	rs148944993	0	148944993	intron_variant	0	0.009	6E-7	6.221848749616356		4.51	[2.50-8.15]	Illumina [8672852] (imputed)	N	lung adenocarcinoma, family history of lung cancer	http://www.ebi.ac.uk/efo/EFO_0000571, http://www.ebi.ac.uk/efo/EFO_0006953	GCST006087	Genome-wide genotyping array
2018-08-14	29924316	Byun J	2018-06-19	Carcinogenesis	www.ncbi.nlm.nih.gov/pubmed/29924316	Genome-Wide Association Study of Familial Lung Cancer.	Familial lung adenocarcinoma	775 European ancestry cases, 31,563 European ancestry controls	NA	3p25.3	3	8292844	LMCD1-AS1	LMCD1-AS1			100288428			rs9816551-G	rs9816551	0	9816551	intron_variant	0	0.494	6E-7	6.221848749616356		1.34	[1.20-1.51]	Illumina [8672852] (imputed)	N	lung adenocarcinoma, family history of lung cancer	http://www.ebi.ac.uk/efo/EFO_0000571, http://www.ebi.ac.uk/efo/EFO_0006953	GCST006087	Genome-wide genotyping array
2018-08-14	29924316	Byun J	2018-06-19	Carcinogenesis	www.ncbi.nlm.nih.gov/pubmed/29924316	Genome-Wide Association Study of Familial Lung Cancer.	Familial lung adenocarcinoma	775 European ancestry cases, 31,563 European ancestry controls	NA	5p15.1	5	16005668	NR	LOC107986406 - RNA5SP178	107986406	100873440		21857	27561	rs184697115-G	rs184697115	0	184697115	intergenic_variant	1	0.008	1E-6	6.0		4.84	[2.56-9.16]	Illumina [8672852] (imputed)	N	lung adenocarcinoma, family history of lung cancer	http://www.ebi.ac.uk/efo/EFO_0000571, http://www.ebi.ac.uk/efo/EFO_0006953	GCST006087	Genome-wide genotyping array
2018-08-14	29924316	Byun J	2018-06-19	Carcinogenesis	www.ncbi.nlm.nih.gov/pubmed/29924316	Genome-Wide Association Study of Familial Lung Cancer.	Familial lung adenocarcinoma	775 European ancestry cases, 31,563 European ancestry controls	NA	6q24.3	6	148185476	NR	SAMD5 - SASH1	389432	23328		237185	7964	rs17078110-C	rs17078110	0	17078110	intergenic_variant	1	0.01	1E-6	6.0		3.9	[2.24-6.76]	Illumina [8672852] (imputed)	N	lung adenocarcinoma, family history of lung cancer	http://www.ebi.ac.uk/efo/EFO_0000571, http://www.ebi.ac.uk/efo/EFO_0006953	GCST006087	Genome-wide genotyping array
2018-08-14	29924316	Byun J	2018-06-19	Carcinogenesis	www.ncbi.nlm.nih.gov/pubmed/29924316	Genome-Wide Association Study of Familial Lung Cancer.	Familial lung adenocarcinoma	775 European ancestry cases, 31,563 European ancestry controls	NA	2p14	2	68069083	C1D	C1D - LOC105374789	10438	105374789		6056	22944	rs191524990-T	rs191524990	0	191524990	intron_variant	1	0.004	1E-6	6.0		6.4	[3.00-13.64]	Illumina [8672852] (imputed)	N	lung adenocarcinoma, family history of lung cancer	http://www.ebi.ac.uk/efo/EFO_0000571, http://www.ebi.ac.uk/efo/EFO_0006953	GCST006087	Genome-wide genotyping array
2018-08-14	29924316	Byun J	2018-06-19	Carcinogenesis	www.ncbi.nlm.nih.gov/pubmed/29924316	Genome-Wide Association Study of Familial Lung Cancer.	Familial lung adenocarcinoma	775 European ancestry cases, 31,563 European ancestry controls	NA	3p26.1	3	8012910	LMCD1-AS1	LOC101927394			101927394			rs35144233-A	rs35144233	0	35144233	intron_variant	0	0.024	2E-6	5.698970004336019		2.42	[1.69-3.48]	Illumina [8672852] (imputed)	N	lung adenocarcinoma, family history of lung cancer	http://www.ebi.ac.uk/efo/EFO_0000571, http://www.ebi.ac.uk/efo/EFO_0006953	GCST006087	Genome-wide genotyping array
2018-08-14	29924316	Byun J	2018-06-19	Carcinogenesis	www.ncbi.nlm.nih.gov/pubmed/29924316	Genome-Wide Association Study of Familial Lung Cancer.	Familial lung adenocarcinoma	775 European ancestry cases, 31,563 European ancestry controls	NA	3p13	3	71023449	FOXP1	FOXP1			27086			rs116036142-T	rs116036142	0	116036142	intron_variant	0	0.019	2E-6	5.698970004336019		3.04	[1.93-4.79]	Illumina [8672852] (imputed)	N	lung adenocarcinoma, family history of lung cancer	http://www.ebi.ac.uk/efo/EFO_0000571, http://www.ebi.ac.uk/efo/EFO_0006953	GCST006087	Genome-wide genotyping array
2018-08-14	29924316	Byun J	2018-06-19	Carcinogenesis	www.ncbi.nlm.nih.gov/pubmed/29924316	Genome-Wide Association Study of Familial Lung Cancer.	Familial lung adenocarcinoma	775 European ancestry cases, 31,563 European ancestry controls	NA	4p15.2	4	27155920	NR	STIM2 - LOC101929199	57620	101929199		130539	61559	rs116723905-A	rs116723905	0	116723905	intergenic_variant	1	0.01	2E-6	5.698970004336019		3.69	[2.16-6.30]	Illumina [8672852] (imputed)	N	lung adenocarcinoma, family history of lung cancer	http://www.ebi.ac.uk/efo/EFO_0000571, http://www.ebi.ac.uk/efo/EFO_0006953	GCST006087	Genome-wide genotyping array
2018-08-14	29924316	Byun J	2018-06-19	Carcinogenesis	www.ncbi.nlm.nih.gov/pubmed/29924316	Genome-Wide Association Study of Familial Lung Cancer.	Familial lung adenocarcinoma	775 European ancestry cases, 31,563 European ancestry controls	NA	3p24.3	3	23768883	AC020626.1	LOC105376993 - UBE2E1-AS1	105376993	100874092		113899	35141	rs13080016-T	rs13080016	0	13080016	intergenic_variant	1	0.056	2E-6	5.698970004336019		1.73	[1.38-2.16]	Illumina [8672852] (imputed)	N	lung adenocarcinoma, family history of lung cancer	http://www.ebi.ac.uk/efo/EFO_0000571, http://www.ebi.ac.uk/efo/EFO_0006953	GCST006087	Genome-wide genotyping array
2018-08-14	29924316	Byun J	2018-06-19	Carcinogenesis	www.ncbi.nlm.nih.gov/pubmed/29924316	Genome-Wide Association Study of Familial Lung Cancer.	Familial lung adenocarcinoma	775 European ancestry cases, 31,563 European ancestry controls	NA	11q25	11	132170004	NTM	NTM			50863			rs145397878-C	rs145397878	0	145397878	intron_variant	0	0.005	2E-6	5.698970004336019		5.81	[2.80-12.09]	Illumina [8672852] (imputed)	N	lung adenocarcinoma, family history of lung cancer	http://www.ebi.ac.uk/efo/EFO_0000571, http://www.ebi.ac.uk/efo/EFO_0006953	GCST006087	Genome-wide genotyping array
2018-08-14	29924316	Byun J	2018-06-19	Carcinogenesis	www.ncbi.nlm.nih.gov/pubmed/29924316	Genome-Wide Association Study of Familial Lung Cancer.	Familial lung adenocarcinoma	775 European ancestry cases, 31,563 European ancestry controls	NA	7q33	7	134534288	AKR1B10	AKR1B10			57016			rs143004982-G	rs143004982	0	143004982	intron_variant	0	0.014	3E-6	5.522878745280337		2.83	[1.83-4.38]	Illumina [8672852] (imputed)	N	lung adenocarcinoma, family history of lung cancer	http://www.ebi.ac.uk/efo/EFO_0000571, http://www.ebi.ac.uk/efo/EFO_0006953	GCST006087	Genome-wide genotyping array
2018-08-14	29924316	Byun J	2018-06-19	Carcinogenesis	www.ncbi.nlm.nih.gov/pubmed/29924316	Genome-Wide Association Study of Familial Lung Cancer.	Familial lung adenocarcinoma	775 European ancestry cases, 31,563 European ancestry controls	NA	3p12.3	3	76165047	ROBO2	ROBO2			6092			rs62268951-C	rs62268951	0	62268951	intron_variant	0	0.026	3E-6	5.522878745280337		2.21	[1.58-3.09]	Illumina [8672852] (imputed)	N	lung adenocarcinoma, family history of lung cancer	http://www.ebi.ac.uk/efo/EFO_0000571, http://www.ebi.ac.uk/efo/EFO_0006953	GCST006087	Genome-wide genotyping array
2018-08-14	29924316	Byun J	2018-06-19	Carcinogenesis	www.ncbi.nlm.nih.gov/pubmed/29924316	Genome-Wide Association Study of Familial Lung Cancer.	Familial lung adenocarcinoma	775 European ancestry cases, 31,563 European ancestry controls	NA	10p12.31	10	19065315	NR	MALRD1			340895			rs12761927-G	rs12761927	0	12761927	intron_variant	0	0.123	3E-6	5.522878745280337		1.53	[1.28-1.83]	Illumina [8672852] (imputed)	N	lung adenocarcinoma, family history of lung cancer	http://www.ebi.ac.uk/efo/EFO_0000571, http://www.ebi.ac.uk/efo/EFO_0006953	GCST006087	Genome-wide genotyping array
2018-08-14	29924316	Byun J	2018-06-19	Carcinogenesis	www.ncbi.nlm.nih.gov/pubmed/29924316	Genome-Wide Association Study of Familial Lung Cancer.	Familial lung adenocarcinoma	775 European ancestry cases, 31,563 European ancestry controls	NA	3q26.31	3	174493237	NAALADL2	NAALADL2			254827			rs149523908-C	rs149523908	0	149523908	intron_variant	0	0.009	3E-6	5.522878745280337		4.54	[2.40-8.59]	Illumina [8672852] (imputed)	N	lung adenocarcinoma, family history of lung cancer	http://www.ebi.ac.uk/efo/EFO_0000571, http://www.ebi.ac.uk/efo/EFO_0006953	GCST006087	Genome-wide genotyping array
2018-08-14	29924316	Byun J	2018-06-19	Carcinogenesis	www.ncbi.nlm.nih.gov/pubmed/29924316	Genome-Wide Association Study of Familial Lung Cancer.	Familial lung adenocarcinoma	775 European ancestry cases, 31,563 European ancestry controls	NA	12p12.3	12	17685426	NR	MIR3974 - RERGL	100616279	79785		12032	395443	rs140702452-T	rs140702452	0	140702452	intergenic_variant	1	0.005	4E-6	5.3979400086720375		4.0	[2.22-7.19]	Illumina [8672852] (imputed)	N	lung adenocarcinoma, family history of lung cancer	http://www.ebi.ac.uk/efo/EFO_0000571, http://www.ebi.ac.uk/efo/EFO_0006953	GCST006087	Genome-wide genotyping array
2018-08-14	29924316	Byun J	2018-06-19	Carcinogenesis	www.ncbi.nlm.nih.gov/pubmed/29924316	Genome-Wide Association Study of Familial Lung Cancer.	Familial lung adenocarcinoma	775 European ancestry cases, 31,563 European ancestry controls	NA	9q34.3	9	136137214	NR	LOC107987142 - LHX3	107987142	8022		16865	59036	rs74969320-A	rs74969320	0	74969320	intergenic_variant	1	0.008	4E-6	5.3979400086720375		3.8	[2.16-6.70]	Illumina [8672852] (imputed)	N	lung adenocarcinoma, family history of lung cancer	http://www.ebi.ac.uk/efo/EFO_0000571, http://www.ebi.ac.uk/efo/EFO_0006953	GCST006087	Genome-wide genotyping array
2018-08-14	29924316	Byun J	2018-06-19	Carcinogenesis	www.ncbi.nlm.nih.gov/pubmed/29924316	Genome-Wide Association Study of Familial Lung Cancer.	Familial lung adenocarcinoma	775 European ancestry cases, 31,563 European ancestry controls	NA	7q21.11	7	81321138	NR	LOC100420647 - EIF4EP4	100420647	100421455		129129	141898	rs187256094-T	rs187256094	0	187256094	intergenic_variant	1	0.008	4E-6	5.3979400086720375		3.95	[2.20-7.09]	Illumina [8672852] (imputed)	N	lung adenocarcinoma, family history of lung cancer	http://www.ebi.ac.uk/efo/EFO_0000571, http://www.ebi.ac.uk/efo/EFO_0006953	GCST006087	Genome-wide genotyping array
2018-08-14	29924316	Byun J	2018-06-19	Carcinogenesis	www.ncbi.nlm.nih.gov/pubmed/29924316	Genome-Wide Association Study of Familial Lung Cancer.	Familial lung adenocarcinoma	775 European ancestry cases, 31,563 European ancestry controls	NA	9p21.3	9	21753193	NR	LOC107987026			107987026			rs11496368-A	rs11496368	0	11496368	intergenic_variant	0	0.131	4E-6	5.3979400086720375		1.48	[1.25-1.76]	Illumina [8672852] (imputed)	N	lung adenocarcinoma, family history of lung cancer	http://www.ebi.ac.uk/efo/EFO_0000571, http://www.ebi.ac.uk/efo/EFO_0006953	GCST006087	Genome-wide genotyping array
2018-08-14	29924316	Byun J	2018-06-19	Carcinogenesis	www.ncbi.nlm.nih.gov/pubmed/29924316	Genome-Wide Association Study of Familial Lung Cancer.	Familial lung adenocarcinoma	775 European ancestry cases, 31,563 European ancestry controls	NA	20q11.23	20	36878388	TLDC2	TLDC2			140711			rs138156272-A	rs138156272	0	138156272	intron_variant	0	0.019	4E-6	5.3979400086720375		2.68	[1.76-4.08]	Illumina [8672852] (imputed)	N	lung adenocarcinoma, family history of lung cancer	http://www.ebi.ac.uk/efo/EFO_0000571, http://www.ebi.ac.uk/efo/EFO_0006953	GCST006087	Genome-wide genotyping array
2018-08-14	29924316	Byun J	2018-06-19	Carcinogenesis	www.ncbi.nlm.nih.gov/pubmed/29924316	Genome-Wide Association Study of Familial Lung Cancer.	Familial lung adenocarcinoma	775 European ancestry cases, 31,563 European ancestry controls	NA	12p12.3	12	17451289	NR	TIMM17BP1 - LOC105369678	390298	105369678		50098	133156	rs181961151-G	rs181961151	0	181961151	intergenic_variant	1	0.009	5E-6	5.301029995663981		3.06	[1.90-4.95]	Illumina [8672852] (imputed)	N	lung adenocarcinoma, family history of lung cancer	http://www.ebi.ac.uk/efo/EFO_0000571, http://www.ebi.ac.uk/efo/EFO_0006953	GCST006087	Genome-wide genotyping array
2018-08-14	29924316	Byun J	2018-06-19	Carcinogenesis	www.ncbi.nlm.nih.gov/pubmed/29924316	Genome-Wide Association Study of Familial Lung Cancer.	Familial lung adenocarcinoma	775 European ancestry cases, 31,563 European ancestry controls	NA	1q32.1	1	199511387	NR	LOC105371680 - LOC107985113	105371680	107985113		50953	235329	rs116400211-G	rs116400211	0	116400211	intergenic_variant	1	0.011	5E-6	5.301029995663981		2.75	[1.78-4.25]	Illumina [8672852] (imputed)	N	lung adenocarcinoma, family history of lung cancer	http://www.ebi.ac.uk/efo/EFO_0000571, http://www.ebi.ac.uk/efo/EFO_0006953	GCST006087	Genome-wide genotyping array
2018-08-14	29924316	Byun J	2018-06-19	Carcinogenesis	www.ncbi.nlm.nih.gov/pubmed/29924316	Genome-Wide Association Study of Familial Lung Cancer.	Familial lung adenocarcinoma	775 European ancestry cases, 31,563 European ancestry controls	NA	7q11.22	7	69305978	NR	LOC105375345 - MTCO2P25	105375345	107075290		1812	24720	rs147146213-A	rs147146213	0	147146213	intron_variant	1	0.006	5E-6	5.301029995663981		5.04	[2.52-10.07]	Illumina [8672852] (imputed)	N	lung adenocarcinoma, family history of lung cancer	http://www.ebi.ac.uk/efo/EFO_0000571, http://www.ebi.ac.uk/efo/EFO_0006953	GCST006087	Genome-wide genotyping array
2018-08-14	29924316	Byun J	2018-06-19	Carcinogenesis	www.ncbi.nlm.nih.gov/pubmed/29924316	Genome-Wide Association Study of Familial Lung Cancer.	Familial lung adenocarcinoma	775 European ancestry cases, 31,563 European ancestry controls	NA	3q24	3	144560457	NR	LOC105374140 - LOC105374141	105374140	105374141		82364	324152	rs77427247-A	rs77427247	0	77427247	intergenic_variant	1	0.004	5E-6	5.301029995663981		5.29	[2.58-10.83]	Illumina [8672852] (imputed)	N	lung adenocarcinoma, family history of lung cancer	http://www.ebi.ac.uk/efo/EFO_0000571, http://www.ebi.ac.uk/efo/EFO_0006953	GCST006087	Genome-wide genotyping array
2018-08-14	29924316	Byun J	2018-06-19	Carcinogenesis	www.ncbi.nlm.nih.gov/pubmed/29924316	Genome-Wide Association Study of Familial Lung Cancer.	Familial lung adenocarcinoma	775 European ancestry cases, 31,563 European ancestry controls	NA	3p24.3	3	18387870	SATB1	SATB1			6304			rs186065237-G	rs186065237	0	186065237	intron_variant	0	0.006	6E-6	5.221848749616356		5.52	[2.64-11.54]	Illumina [8672852] (imputed)	N	lung adenocarcinoma, family history of lung cancer	http://www.ebi.ac.uk/efo/EFO_0000571, http://www.ebi.ac.uk/efo/EFO_0006953	GCST006087	Genome-wide genotyping array
2018-08-14	29924316	Byun J	2018-06-19	Carcinogenesis	www.ncbi.nlm.nih.gov/pubmed/29924316	Genome-Wide Association Study of Familial Lung Cancer.	Familial lung adenocarcinoma	775 European ancestry cases, 31,563 European ancestry controls	NA	21q21.1	21	20487416	NR	RPS3AP1 - LINC00320	101241875	387486		56654	255174	rs189451576-A	rs189451576	0	189451576	intergenic_variant	1	0.014	6E-6	5.221848749616356		3.0	[1.86-4.83]	Illumina [8672852] (imputed)	N	lung adenocarcinoma, family history of lung cancer	http://www.ebi.ac.uk/efo/EFO_0000571, http://www.ebi.ac.uk/efo/EFO_0006953	GCST006087	Genome-wide genotyping array
2018-08-14	29924316	Byun J	2018-06-19	Carcinogenesis	www.ncbi.nlm.nih.gov/pubmed/29924316	Genome-Wide Association Study of Familial Lung Cancer.	Familial lung adenocarcinoma	775 European ancestry cases, 31,563 European ancestry controls	NA	11q24.2	11	125095237	TMEM218	TMEM218			219854			rs4935904-T	rs4935904	0	4935904	intergenic_variant	0	0.129	6E-6	5.221848749616356		1.45	[1.23-1.70]	Illumina [8672852] (imputed)	N	lung adenocarcinoma, family history of lung cancer	http://www.ebi.ac.uk/efo/EFO_0000571, http://www.ebi.ac.uk/efo/EFO_0006953	GCST006087	Genome-wide genotyping array
2018-08-14	29924316	Byun J	2018-06-19	Carcinogenesis	www.ncbi.nlm.nih.gov/pubmed/29924316	Genome-Wide Association Study of Familial Lung Cancer.	Familial lung adenocarcinoma	775 European ancestry cases, 31,563 European ancestry controls	NA	2q14.3	2	126742031	NR	RNU6-675P - LOC105373603	106479864	105373603		39089	151065	rs139941554-G	rs139941554	0	139941554	intergenic_variant	1	0.003	7E-6	5.154901959985743		8.54	[3.36-21.74]	Illumina [8672852] (imputed)	N	lung adenocarcinoma, family history of lung cancer	http://www.ebi.ac.uk/efo/EFO_0000571, http://www.ebi.ac.uk/efo/EFO_0006953	GCST006087	Genome-wide genotyping array
2018-08-14	29924316	Byun J	2018-06-19	Carcinogenesis	www.ncbi.nlm.nih.gov/pubmed/29924316	Genome-Wide Association Study of Familial Lung Cancer.	Familial lung adenocarcinoma	775 European ancestry cases, 31,563 European ancestry controls	NA	11p15.4	11	8024858	TUB	TUB			7275			rs151332832-C	rs151332832	0	151332832	intron_variant	0	0.012	7E-6	5.154901959985743		3.58	[2.05-6.25]	Illumina [8672852] (imputed)	N	lung adenocarcinoma, family history of lung cancer	http://www.ebi.ac.uk/efo/EFO_0000571, http://www.ebi.ac.uk/efo/EFO_0006953	GCST006087	Genome-wide genotyping array
2018-08-14	29924316	Byun J	2018-06-19	Carcinogenesis	www.ncbi.nlm.nih.gov/pubmed/29924316	Genome-Wide Association Study of Familial Lung Cancer.	Familial lung adenocarcinoma	775 European ancestry cases, 31,563 European ancestry controls	NA	12p12.3	12	17787666	NR	MIR3974 - RERGL	100616279	79785		114272	293203	rs144553904-C	rs144553904	0	144553904	intergenic_variant	1	0.005	7E-6	5.154901959985743		3.89	[2.15-7.05]	Illumina [8672852] (imputed)	N	lung adenocarcinoma, family history of lung cancer	http://www.ebi.ac.uk/efo/EFO_0000571, http://www.ebi.ac.uk/efo/EFO_0006953	GCST006087	Genome-wide genotyping array
2018-08-14	29924316	Byun J	2018-06-19	Carcinogenesis	www.ncbi.nlm.nih.gov/pubmed/29924316	Genome-Wide Association Study of Familial Lung Cancer.	Familial lung adenocarcinoma	775 European ancestry cases, 31,563 European ancestry controls	NA	7q36.1	7	148926574	NR	RN7SL569P - RNY5	106481077	6090		36061	14914	rs193123434-A	rs193123434	0	193123434	intergenic_variant	1	0.006	8E-6	5.096910013008056		5.04	[2.48-10.25]	Illumina [8672852] (imputed)	N	lung adenocarcinoma, family history of lung cancer	http://www.ebi.ac.uk/efo/EFO_0000571, http://www.ebi.ac.uk/efo/EFO_0006953	GCST006087	Genome-wide genotyping array
2018-08-14	29924316	Byun J	2018-06-19	Carcinogenesis	www.ncbi.nlm.nih.gov/pubmed/29924316	Genome-Wide Association Study of Familial Lung Cancer.	Familial lung adenocarcinoma	775 European ancestry cases, 31,563 European ancestry controls	NA	4q25	4	111828356	RP11-269F21.3	LOC105377367 - LOC105377369	105377367	105377369		112299	17777	rs139235514-C	rs139235514	0	139235514	intron_variant	1	0.006	9E-6	5.045757490560675		5.11	[2.48-10.51]	Illumina [8672852] (imputed)	N	lung adenocarcinoma, family history of lung cancer	http://www.ebi.ac.uk/efo/EFO_0000571, http://www.ebi.ac.uk/efo/EFO_0006953	GCST006087	Genome-wide genotyping array
2018-08-14	29924316	Byun J	2018-06-19	Carcinogenesis	www.ncbi.nlm.nih.gov/pubmed/29924316	Genome-Wide Association Study of Familial Lung Cancer.	Familial lung cancer	1,993 European ancestry cases, 33,960 European ancestry controls	NA	15q25.1	15	78618839	CHRNA3	CHRNA3			1136			rs8040868-C	rs8040868	0	8040868	synonymous_variant	0	0.42	4E-13	12.397940008672037		1.33	[1.23-1.43]	Illumina [9327222] (imputed)	N	lung carcinoma, family history of lung cancer	http://www.ebi.ac.uk/efo/EFO_0001071, http://www.ebi.ac.uk/efo/EFO_0006953	GCST006086	Genome-wide genotyping array
2018-08-14	29924316	Byun J	2018-06-19	Carcinogenesis	www.ncbi.nlm.nih.gov/pubmed/29924316	Genome-Wide Association Study of Familial Lung Cancer.	Familial lung cancer	1,993 European ancestry cases, 33,960 European ancestry controls	NA	6q24.1	6	141851652	NR	LOC105378031			105378031			rs12201100-G	rs12201100	0	12201100	intergenic_variant	0	0.014	1E-7	7.0		2.69	[1.87-3.87]	Illumina [9327222] (imputed)	N	lung carcinoma, family history of lung cancer	http://www.ebi.ac.uk/efo/EFO_0001071, http://www.ebi.ac.uk/efo/EFO_0006953	GCST006086	Genome-wide genotyping array
2018-08-14	29924316	Byun J	2018-06-19	Carcinogenesis	www.ncbi.nlm.nih.gov/pubmed/29924316	Genome-Wide Association Study of Familial Lung Cancer.	Familial lung cancer	1,993 European ancestry cases, 33,960 European ancestry controls	NA	12q13.3	12	56927621	SDR9C7	SDR9C7			121214			rs189441863-A	rs189441863	0	189441863	intron_variant	0	0.009	4E-7	6.3979400086720375		3.02	[1.96-4.64]	Illumina [9327222] (imputed)	N	lung carcinoma, family history of lung cancer	http://www.ebi.ac.uk/efo/EFO_0001071, http://www.ebi.ac.uk/efo/EFO_0006953	GCST006086	Genome-wide genotyping array
2018-08-14	29924316	Byun J	2018-06-19	Carcinogenesis	www.ncbi.nlm.nih.gov/pubmed/29924316	Genome-Wide Association Study of Familial Lung Cancer.	Familial lung cancer	1,993 European ancestry cases, 33,960 European ancestry controls	NA	18q21.2	18	53635205	NR	RPL29P32 - MBD2	390856	8932		29572	516396	rs12964604-C	rs12964604	0	12964604	intergenic_variant	1	0.018	7E-7	6.154901959985743		2.77	[1.85-4.14]	Illumina [9327222] (imputed)	N	lung carcinoma, family history of lung cancer	http://www.ebi.ac.uk/efo/EFO_0001071, http://www.ebi.ac.uk/efo/EFO_0006953	GCST006086	Genome-wide genotyping array
2018-08-14	29924316	Byun J	2018-06-19	Carcinogenesis	www.ncbi.nlm.nih.gov/pubmed/29924316	Genome-Wide Association Study of Familial Lung Cancer.	Familial lung cancer	1,993 European ancestry cases, 33,960 European ancestry controls	NA	3p26.1	3	8012910	LMCD1-AS1	LOC101927394			101927394			rs35144233-A	rs35144233	0	35144233	intron_variant	0	0.024	7E-7	6.154901959985743		1.97	[1.50-2.57]	Illumina [9327222] (imputed)	N	lung carcinoma, family history of lung cancer	http://www.ebi.ac.uk/efo/EFO_0001071, http://www.ebi.ac.uk/efo/EFO_0006953	GCST006086	Genome-wide genotyping array
2018-08-14	29924316	Byun J	2018-06-19	Carcinogenesis	www.ncbi.nlm.nih.gov/pubmed/29924316	Genome-Wide Association Study of Familial Lung Cancer.	Familial lung cancer	1,993 European ancestry cases, 33,960 European ancestry controls	NA				STAT6							12:57498220-C	12:57498220	0			1	0.01	1E-6	6.0		2.86	[1.87-4.38]	Illumina [9327222] (imputed)	N	lung carcinoma, family history of lung cancer	http://www.ebi.ac.uk/efo/EFO_0001071, http://www.ebi.ac.uk/efo/EFO_0006953	GCST006086	Genome-wide genotyping array
2018-08-14	29924316	Byun J	2018-06-19	Carcinogenesis	www.ncbi.nlm.nih.gov/pubmed/29924316	Genome-Wide Association Study of Familial Lung Cancer.	Familial lung cancer	1,993 European ancestry cases, 33,960 European ancestry controls	NA	10p12.31	10	19072094	NR	MALRD1			340895			rs11008347-G	rs11008347	0	11008347	intron_variant	0	0.128	1E-6	6.0		1.35	[1.20-1.53]	Illumina [9327222] (imputed)	N	lung carcinoma, family history of lung cancer	http://www.ebi.ac.uk/efo/EFO_0001071, http://www.ebi.ac.uk/efo/EFO_0006953	GCST006086	Genome-wide genotyping array
2018-08-14	29924316	Byun J	2018-06-19	Carcinogenesis	www.ncbi.nlm.nih.gov/pubmed/29924316	Genome-Wide Association Study of Familial Lung Cancer.	Familial lung cancer	1,993 European ancestry cases, 33,960 European ancestry controls	NA	5q35.2	5	174713048	NR	HIGD1AP3 - LOC105377741	100859920	105377741		79642	8315	rs192597222-T	rs192597222	0	192597222	intergenic_variant	1	0.003	1E-6	6.0		7.73	[3.36-17.77]	Illumina [9327222] (imputed)	N	lung carcinoma, family history of lung cancer	http://www.ebi.ac.uk/efo/EFO_0001071, http://www.ebi.ac.uk/efo/EFO_0006953	GCST006086	Genome-wide genotyping array
2018-08-14	29924316	Byun J	2018-06-19	Carcinogenesis	www.ncbi.nlm.nih.gov/pubmed/29924316	Genome-Wide Association Study of Familial Lung Cancer.	Familial lung cancer	1,993 European ancestry cases, 33,960 European ancestry controls	NA	11q13.2	11	66980733	NR	C11orf86 - SYT12	254439	91683		3725	26045	rs115850253-A	rs115850253	0	115850253	intergenic_variant	1	0.014	3E-6	5.522878745280337		3.67	[2.13-6.32]	Illumina [9327222] (imputed)	N	lung carcinoma, family history of lung cancer	http://www.ebi.ac.uk/efo/EFO_0001071, http://www.ebi.ac.uk/efo/EFO_0006953	GCST006086	Genome-wide genotyping array
2018-08-14	29924316	Byun J	2018-06-19	Carcinogenesis	www.ncbi.nlm.nih.gov/pubmed/29924316	Genome-Wide Association Study of Familial Lung Cancer.	Familial lung cancer	1,993 European ancestry cases, 33,960 European ancestry controls	NA	20p12.1	20	17398511	PCSK2	PCSK2			5126			rs181968893-A	rs181968893	0	181968893	intron_variant	0	0.006	4E-6	5.3979400086720375		3.69	[2.12-6.44]	Illumina [9327222] (imputed)	N	lung carcinoma, family history of lung cancer	http://www.ebi.ac.uk/efo/EFO_0001071, http://www.ebi.ac.uk/efo/EFO_0006953	GCST006086	Genome-wide genotyping array
2018-08-14	29924316	Byun J	2018-06-19	Carcinogenesis	www.ncbi.nlm.nih.gov/pubmed/29924316	Genome-Wide Association Study of Familial Lung Cancer.	Familial lung cancer	1,993 European ancestry cases, 33,960 European ancestry controls	NA	10p15.3	10	1313342	ADARB2	ADARB2			105			rs143843582-T	rs143843582	0	143843582	intron_variant	0	0.019	4E-6	5.3979400086720375		2.25	[1.59-3.18]	Illumina [9327222] (imputed)	N	lung carcinoma, family history of lung cancer	http://www.ebi.ac.uk/efo/EFO_0001071, http://www.ebi.ac.uk/efo/EFO_0006953	GCST006086	Genome-wide genotyping array
2018-08-14	29924316	Byun J	2018-06-19	Carcinogenesis	www.ncbi.nlm.nih.gov/pubmed/29924316	Genome-Wide Association Study of Familial Lung Cancer.	Familial lung cancer	1,993 European ancestry cases, 33,960 European ancestry controls	NA	1q41	1	217588949	GPATCH2	GPATCH2			55105			rs76358930-T	rs76358930	0	76358930	intron_variant	0	0.007	4E-6	5.3979400086720375		2.91	[1.84-4.60]	Illumina [9327222] (imputed)	N	lung carcinoma, family history of lung cancer	http://www.ebi.ac.uk/efo/EFO_0001071, http://www.ebi.ac.uk/efo/EFO_0006953	GCST006086	Genome-wide genotyping array
2018-08-14	29924316	Byun J	2018-06-19	Carcinogenesis	www.ncbi.nlm.nih.gov/pubmed/29924316	Genome-Wide Association Study of Familial Lung Cancer.	Familial lung cancer	1,993 European ancestry cases, 33,960 European ancestry controls	NA	10p15.1	10	4362212	NR	LOC105376370 - LOC105376371	105376370	105376371		25374	6972	rs184158217-G	rs184158217	0	184158217	intergenic_variant	1	0.004	4E-6	5.3979400086720375		5.19	[2.57-10.51]	Illumina [9327222] (imputed)	N	lung carcinoma, family history of lung cancer	http://www.ebi.ac.uk/efo/EFO_0001071, http://www.ebi.ac.uk/efo/EFO_0006953	GCST006086	Genome-wide genotyping array
2018-08-14	29924316	Byun J	2018-06-19	Carcinogenesis	www.ncbi.nlm.nih.gov/pubmed/29924316	Genome-Wide Association Study of Familial Lung Cancer.	Familial lung cancer	1,993 European ancestry cases, 33,960 European ancestry controls	NA	10q23.1	10	85156391	NR	LOC107984249 - LINC01519	107984249	101929624		163342	37030	rs184986150-A	rs184986150	0	184986150	intergenic_variant	1	0.005	5E-6	5.301029995663981		3.4	[2.01-5.74]	Illumina [9327222] (imputed)	N	lung carcinoma, family history of lung cancer	http://www.ebi.ac.uk/efo/EFO_0001071, http://www.ebi.ac.uk/efo/EFO_0006953	GCST006086	Genome-wide genotyping array
2018-08-14	29924316	Byun J	2018-06-19	Carcinogenesis	www.ncbi.nlm.nih.gov/pubmed/29924316	Genome-Wide Association Study of Familial Lung Cancer.	Familial lung cancer	1,993 European ancestry cases, 33,960 European ancestry controls	NA	6q15	6	89133984	NR	PM20D2, LOC101929004			135293, 101929004			rs117313366-A	rs117313366	0	117313366	intergenic_variant	0	0.082	6E-6	5.221848749616356		1.37	[1.19-1.57]	Illumina [9327222] (imputed)	N	lung carcinoma, family history of lung cancer	http://www.ebi.ac.uk/efo/EFO_0001071, http://www.ebi.ac.uk/efo/EFO_0006953	GCST006086	Genome-wide genotyping array
2018-08-14	29924316	Byun J	2018-06-19	Carcinogenesis	www.ncbi.nlm.nih.gov/pubmed/29924316	Genome-Wide Association Study of Familial Lung Cancer.	Familial lung cancer	1,993 European ancestry cases, 33,960 European ancestry controls	NA	17p13.1	17	6624556	KIAA0753	KIAA0753			9851			rs75510837-G	rs75510837	0	75510837	intron_variant	0	0.025	7E-6	5.154901959985743		1.88	[1.43-2.48]	Illumina [9327222] (imputed)	N	lung carcinoma, family history of lung cancer	http://www.ebi.ac.uk/efo/EFO_0001071, http://www.ebi.ac.uk/efo/EFO_0006953	GCST006086	Genome-wide genotyping array
2018-08-14	29924316	Byun J	2018-06-19	Carcinogenesis	www.ncbi.nlm.nih.gov/pubmed/29924316	Genome-Wide Association Study of Familial Lung Cancer.	Familial lung cancer	1,993 European ancestry cases, 33,960 European ancestry controls	NA	4q28.3	4	131748595	NR	RN7SL205P - LOC101927305	106479297	101927305		28052	16243	rs146776041-G	rs146776041	0	146776041	regulatory_region_variant	1	0.014	8E-6	5.096910013008056		3.15	[1.90-5.23]	Illumina [9327222] (imputed)	N	lung carcinoma, family history of lung cancer	http://www.ebi.ac.uk/efo/EFO_0001071, http://www.ebi.ac.uk/efo/EFO_0006953	GCST006086	Genome-wide genotyping array
2018-08-14	29924316	Byun J	2018-06-19	Carcinogenesis	www.ncbi.nlm.nih.gov/pubmed/29924316	Genome-Wide Association Study of Familial Lung Cancer.	Familial lung cancer	1,993 European ancestry cases, 33,960 European ancestry controls	NA	11p15.4	11	8024858	TUB	TUB			7275			rs151332832-C	rs151332832	0	151332832	intron_variant	0	0.012	8E-6	5.096910013008056		2.78	[1.77-4.37]	Illumina [9327222] (imputed)	N	lung carcinoma, family history of lung cancer	http://www.ebi.ac.uk/efo/EFO_0001071, http://www.ebi.ac.uk/efo/EFO_0006953	GCST006086	Genome-wide genotyping array
2018-08-14	29924316	Byun J	2018-06-19	Carcinogenesis	www.ncbi.nlm.nih.gov/pubmed/29924316	Genome-Wide Association Study of Familial Lung Cancer.	Familial lung cancer	1,993 European ancestry cases, 33,960 European ancestry controls	NA	11p15.4	11	7310177	SYT9	SYT9			143425			rs74053707-C	rs74053707	0	74053707	intron_variant	0	0.017	8E-6	5.096910013008056		1.84	[1.41-2.40]	Illumina [9327222] (imputed)	N	lung carcinoma, family history of lung cancer	http://www.ebi.ac.uk/efo/EFO_0001071, http://www.ebi.ac.uk/efo/EFO_0006953	GCST006086	Genome-wide genotyping array
2018-08-14	29924316	Byun J	2018-06-19	Carcinogenesis	www.ncbi.nlm.nih.gov/pubmed/29924316	Genome-Wide Association Study of Familial Lung Cancer.	Familial lung cancer	1,993 European ancestry cases, 33,960 European ancestry controls	NA	7q21.11	7	84692321	NR	LOC101927378 - HMGN2P11	101927378	3152		108003	184163	rs117943988-G	rs117943988	0	117943988	intergenic_variant	1	0.025	9E-6	5.045757490560675		1.68	[1.33-2.11]	Illumina [9327222] (imputed)	N	lung carcinoma, family history of lung cancer	http://www.ebi.ac.uk/efo/EFO_0001071, http://www.ebi.ac.uk/efo/EFO_0006953	GCST006086	Genome-wide genotyping array
2018-08-14	29924316	Byun J	2018-06-19	Carcinogenesis	www.ncbi.nlm.nih.gov/pubmed/29924316	Genome-Wide Association Study of Familial Lung Cancer.	Familial squamous cell lung carcinoma	367 European ancestry cases, 31,563 European ancestry controls	NA	4p15.31	4	18010412	LCORL	LCORL			254251			rs71603396-A	rs71603396	0	71603396	intron_variant	0	0.139	2E-9	8.698970004336019		1.92	[1.55-2.37]	Illumina [7959153] (imputed)	N	squamous cell lung carcinoma, family history of lung cancer	http://www.ebi.ac.uk/efo/EFO_0000708, http://www.ebi.ac.uk/efo/EFO_0006953	GCST006088	Genome-wide genotyping array
2018-08-14	29924316	Byun J	2018-06-19	Carcinogenesis	www.ncbi.nlm.nih.gov/pubmed/29924316	Genome-Wide Association Study of Familial Lung Cancer.	Familial squamous cell lung carcinoma	367 European ancestry cases, 31,563 European ancestry controls	NA	9p21.3	9	21670088	NR	MIR31HG - KHSRPP1	554202	402359		110390	25086	rs12686364-G	rs12686364	0	12686364	intergenic_variant	1	0.004	6E-9	8.221848749616356		8.49	[4.12-17.49]	Illumina [7959153] (imputed)	N	squamous cell lung carcinoma, family history of lung cancer	http://www.ebi.ac.uk/efo/EFO_0000708, http://www.ebi.ac.uk/efo/EFO_0006953	GCST006088	Genome-wide genotyping array
2018-08-14	29924316	Byun J	2018-06-19	Carcinogenesis	www.ncbi.nlm.nih.gov/pubmed/29924316	Genome-Wide Association Study of Familial Lung Cancer.	Familial squamous cell lung carcinoma	367 European ancestry cases, 31,563 European ancestry controls	NA	4p15.31	4	17864241	LCORL	LCORL			254251			rs185373991-A	rs185373991	0	185373991	intron_variant	0	0.117	3E-8	7.522878745280337		1.86	[1.50-2.32]	Illumina [7959153] (imputed)	N	squamous cell lung carcinoma, family history of lung cancer	http://www.ebi.ac.uk/efo/EFO_0000708, http://www.ebi.ac.uk/efo/EFO_0006953	GCST006088	Genome-wide genotyping array
2018-08-14	29924316	Byun J	2018-06-19	Carcinogenesis	www.ncbi.nlm.nih.gov/pubmed/29924316	Genome-Wide Association Study of Familial Lung Cancer.	Familial squamous cell lung carcinoma	367 European ancestry cases, 31,563 European ancestry controls	NA	9q22.31	9	92613166	IPPK	CENPP			401541			rs72754495-A	rs72754495	0	72754495	3_prime_UTR_variant	0	0.007	8E-8	7.096910013008056		7.23	[3.51-14.90]	Illumina [7959153] (imputed)	N	squamous cell lung carcinoma, family history of lung cancer	http://www.ebi.ac.uk/efo/EFO_0000708, http://www.ebi.ac.uk/efo/EFO_0006953	GCST006088	Genome-wide genotyping array
2018-08-14	29924316	Byun J	2018-06-19	Carcinogenesis	www.ncbi.nlm.nih.gov/pubmed/29924316	Genome-Wide Association Study of Familial Lung Cancer.	Familial squamous cell lung carcinoma	367 European ancestry cases, 31,563 European ancestry controls	NA	5q11.2	5	54981998	ESM1	ESM1			11082			rs142604597-T	rs142604597	0	142604597	splice_region_variant	0	0.02	1E-7	7.0		3.92	[2.37-6.51]	Illumina [7959153] (imputed)	N	squamous cell lung carcinoma, family history of lung cancer	http://www.ebi.ac.uk/efo/EFO_0000708, http://www.ebi.ac.uk/efo/EFO_0006953	GCST006088	Genome-wide genotyping array
2018-08-14	29924316	Byun J	2018-06-19	Carcinogenesis	www.ncbi.nlm.nih.gov/pubmed/29924316	Genome-Wide Association Study of Familial Lung Cancer.	Familial squamous cell lung carcinoma	367 European ancestry cases, 31,563 European ancestry controls	NA	13q13.3	13	35897512	DCLK1	LOC105370163, DCLK1			105370163, 9201			rs138712069-T	rs138712069	0	138712069	intron_variant	0	0.003	1E-7	7.0		19.9	[6.54-60.56]	Illumina [7959153] (imputed)	N	squamous cell lung carcinoma, family history of lung cancer	http://www.ebi.ac.uk/efo/EFO_0000708, http://www.ebi.ac.uk/efo/EFO_0006953	GCST006088	Genome-wide genotyping array
2018-08-14	29924316	Byun J	2018-06-19	Carcinogenesis	www.ncbi.nlm.nih.gov/pubmed/29924316	Genome-Wide Association Study of Familial Lung Cancer.	Familial squamous cell lung carcinoma	367 European ancestry cases, 31,563 European ancestry controls	NA	5q13.3	5	74917726	CTD-2503O16.4	LOC105379039 - LOC100131411	105379039	100131411		19613	12154	rs181468389-A	rs181468389	0	181468389	non_coding_transcript_exon_variant	1	0.005	2E-7	6.698970004336019		9.09	[3.97-20.78]	Illumina [7959153] (imputed)	N	squamous cell lung carcinoma, family history of lung cancer	http://www.ebi.ac.uk/efo/EFO_0000708, http://www.ebi.ac.uk/efo/EFO_0006953	GCST006088	Genome-wide genotyping array
2018-08-14	29924316	Byun J	2018-06-19	Carcinogenesis	www.ncbi.nlm.nih.gov/pubmed/29924316	Genome-Wide Association Study of Familial Lung Cancer.	Familial squamous cell lung carcinoma	367 European ancestry cases, 31,563 European ancestry controls	NA	5p13.1	5	42170776	NR	LOC101926960			101926960			rs192388487-G	rs192388487	0	192388487	intergenic_variant	0	0.011	2E-7	6.698970004336019		5.2	[2.79-9.69]	Illumina [7959153] (imputed)	N	squamous cell lung carcinoma, family history of lung cancer	http://www.ebi.ac.uk/efo/EFO_0000708, http://www.ebi.ac.uk/efo/EFO_0006953	GCST006088	Genome-wide genotyping array
2018-08-14	29924316	Byun J	2018-06-19	Carcinogenesis	www.ncbi.nlm.nih.gov/pubmed/29924316	Genome-Wide Association Study of Familial Lung Cancer.	Familial squamous cell lung carcinoma	367 European ancestry cases, 31,563 European ancestry controls	NA	20p12.3	20	6230855	AL109618.1	FGFR3P3 - CASC20	100462816	101929244		10110	195877	rs148767741-A	rs148767741	0	148767741	intergenic_variant	1	0.002	2E-7	6.698970004336019		23.41	[7.08-77.38]	Illumina [7959153] (imputed)	N	squamous cell lung carcinoma, family history of lung cancer	http://www.ebi.ac.uk/efo/EFO_0000708, http://www.ebi.ac.uk/efo/EFO_0006953	GCST006088	Genome-wide genotyping array
2018-08-14	29924316	Byun J	2018-06-19	Carcinogenesis	www.ncbi.nlm.nih.gov/pubmed/29924316	Genome-Wide Association Study of Familial Lung Cancer.	Familial squamous cell lung carcinoma	367 European ancestry cases, 31,563 European ancestry controls	NA	21q22.11	21	33224308	NR	LOC105372787 - IFNAR2	105372787	3455		28791	5587	rs188556805-C	rs188556805	0	188556805	intergenic_variant	1	0.005	2E-7	6.698970004336019		9.14	[3.95-21.15]	Illumina [7959153] (imputed)	N	squamous cell lung carcinoma, family history of lung cancer	http://www.ebi.ac.uk/efo/EFO_0000708, http://www.ebi.ac.uk/efo/EFO_0006953	GCST006088	Genome-wide genotyping array
2018-08-14	29924316	Byun J	2018-06-19	Carcinogenesis	www.ncbi.nlm.nih.gov/pubmed/29924316	Genome-Wide Association Study of Familial Lung Cancer.	Familial squamous cell lung carcinoma	367 European ancestry cases, 31,563 European ancestry controls	NA	4q12	4	51845211	DCUN1D4	DCUN1D4			23142			rs147833373-T	rs147833373	0	147833373	non_coding_transcript_exon_variant	0	0.006	4E-7	6.3979400086720375		6.77	[3.22-14.23]	Illumina [7959153] (imputed)	N	squamous cell lung carcinoma, family history of lung cancer	http://www.ebi.ac.uk/efo/EFO_0000708, http://www.ebi.ac.uk/efo/EFO_0006953	GCST006088	Genome-wide genotyping array
2018-08-14	29924316	Byun J	2018-06-19	Carcinogenesis	www.ncbi.nlm.nih.gov/pubmed/29924316	Genome-Wide Association Study of Familial Lung Cancer.	Familial squamous cell lung carcinoma	367 European ancestry cases, 31,563 European ancestry controls	NA	3p24.2	3	24465348	THRB	THRB			7068			rs76247835-C	rs76247835	0	76247835	intron_variant	0	0.004	4E-7	6.3979400086720375		13.48	[4.90-37.06]	Illumina [7959153] (imputed)	N	squamous cell lung carcinoma, family history of lung cancer	http://www.ebi.ac.uk/efo/EFO_0000708, http://www.ebi.ac.uk/efo/EFO_0006953	GCST006088	Genome-wide genotyping array
2018-08-14	29924316	Byun J	2018-06-19	Carcinogenesis	www.ncbi.nlm.nih.gov/pubmed/29924316	Genome-Wide Association Study of Familial Lung Cancer.	Familial squamous cell lung carcinoma	367 European ancestry cases, 31,563 European ancestry controls	NA	6p22.1	6	28237041	ZSCAN9	ZSCAN9 - ZKSCAN4	7746	387032		3554	4656	rs116043036-G	rs116043036	0	116043036	intergenic_variant	1	0.006	5E-7	6.301029995663981		5.61	[2.87-10.99]	Illumina [7959153] (imputed)	N	squamous cell lung carcinoma, family history of lung cancer	http://www.ebi.ac.uk/efo/EFO_0000708, http://www.ebi.ac.uk/efo/EFO_0006953	GCST006088	Genome-wide genotyping array
2018-08-14	29924316	Byun J	2018-06-19	Carcinogenesis	www.ncbi.nlm.nih.gov/pubmed/29924316	Genome-Wide Association Study of Familial Lung Cancer.	Familial squamous cell lung carcinoma	367 European ancestry cases, 31,563 European ancestry controls	NA	9q22.33	9	97787047	NR	KRT18P13 - FOXE1	392371	2304		86246	66208	rs189720575-A	rs189720575	0	189720575	intergenic_variant	1	0.006	6E-7	6.221848749616356		8.67	[3.70-20.29]	Illumina [7959153] (imputed)	N	squamous cell lung carcinoma, family history of lung cancer	http://www.ebi.ac.uk/efo/EFO_0000708, http://www.ebi.ac.uk/efo/EFO_0006953	GCST006088	Genome-wide genotyping array
2018-08-14	29924316	Byun J	2018-06-19	Carcinogenesis	www.ncbi.nlm.nih.gov/pubmed/29924316	Genome-Wide Association Study of Familial Lung Cancer.	Familial squamous cell lung carcinoma	367 European ancestry cases, 31,563 European ancestry controls	NA	13q33.3	13	107661103	FAM155A	FAM155A			728215			rs140781040-T	rs140781040	0	140781040	intron_variant	0	0.008	7E-7	6.154901959985743		5.69	[2.86-11.33]	Illumina [7959153] (imputed)	N	squamous cell lung carcinoma, family history of lung cancer	http://www.ebi.ac.uk/efo/EFO_0000708, http://www.ebi.ac.uk/efo/EFO_0006953	GCST006088	Genome-wide genotyping array
2018-08-14	29924316	Byun J	2018-06-19	Carcinogenesis	www.ncbi.nlm.nih.gov/pubmed/29924316	Genome-Wide Association Study of Familial Lung Cancer.	Familial squamous cell lung carcinoma	367 European ancestry cases, 31,563 European ancestry controls	NA	2p14	2	65605243	AC007389.3	LOC105369166			105369166			rs840781-C	rs840781	0	840781	intron_variant	0	0.019	8E-7	6.096910013008056		3.74	[2.21-6.33]	Illumina [7959153] (imputed)	N	squamous cell lung carcinoma, family history of lung cancer	http://www.ebi.ac.uk/efo/EFO_0000708, http://www.ebi.ac.uk/efo/EFO_0006953	GCST006088	Genome-wide genotyping array
2018-08-14	29924316	Byun J	2018-06-19	Carcinogenesis	www.ncbi.nlm.nih.gov/pubmed/29924316	Genome-Wide Association Study of Familial Lung Cancer.	Familial squamous cell lung carcinoma	367 European ancestry cases, 31,563 European ancestry controls	NA	5p13.1	5	42284854	NR	LOC101926960 - GHR	101926960	2690		109509	138921	rs150007688-C	rs150007688	0	150007688	intergenic_variant	1	0.013	8E-7	6.096910013008056		4.38	[2.43-7.91]	Illumina [7959153] (imputed)	N	squamous cell lung carcinoma, family history of lung cancer	http://www.ebi.ac.uk/efo/EFO_0000708, http://www.ebi.ac.uk/efo/EFO_0006953	GCST006088	Genome-wide genotyping array
2018-08-14	29924316	Byun J	2018-06-19	Carcinogenesis	www.ncbi.nlm.nih.gov/pubmed/29924316	Genome-Wide Association Study of Familial Lung Cancer.	Familial squamous cell lung carcinoma	367 European ancestry cases, 31,563 European ancestry controls	NA	2q12.1	2	102241279	IL1RL2	IL1RL2			8808			rs185815317-T	rs185815317	0	185815317	regulatory_region_variant	0	0.004	1E-6	6.0		8.34	[3.55-19.59]	Illumina [7959153] (imputed)	N	squamous cell lung carcinoma, family history of lung cancer	http://www.ebi.ac.uk/efo/EFO_0000708, http://www.ebi.ac.uk/efo/EFO_0006953	GCST006088	Genome-wide genotyping array
2018-08-14	29924316	Byun J	2018-06-19	Carcinogenesis	www.ncbi.nlm.nih.gov/pubmed/29924316	Genome-Wide Association Study of Familial Lung Cancer.	Familial squamous cell lung carcinoma	367 European ancestry cases, 31,563 European ancestry controls	NA	1q23.3	1	160908636	NR	LOC646347 - LOC101928372	646347	101928372		12361	23829	rs112233273-A	rs112233273	0	112233273	intergenic_variant	1	0.007	1E-6	6.0		5.75	[2.84-11.64]	Illumina [7959153] (imputed)	N	squamous cell lung carcinoma, family history of lung cancer	http://www.ebi.ac.uk/efo/EFO_0000708, http://www.ebi.ac.uk/efo/EFO_0006953	GCST006088	Genome-wide genotyping array
2018-08-14	29924316	Byun J	2018-06-19	Carcinogenesis	www.ncbi.nlm.nih.gov/pubmed/29924316	Genome-Wide Association Study of Familial Lung Cancer.	Familial squamous cell lung carcinoma	367 European ancestry cases, 31,563 European ancestry controls	NA	17q11.2	17	31366922	NF1	NF1			4763			rs188460661-A	rs188460661	0	188460661	intron_variant	0	0.008	1E-6	6.0		4.63	[2.50-8.59]	Illumina [7959153] (imputed)	N	squamous cell lung carcinoma, family history of lung cancer	http://www.ebi.ac.uk/efo/EFO_0000708, http://www.ebi.ac.uk/efo/EFO_0006953	GCST006088	Genome-wide genotyping array
2018-08-14	29924316	Byun J	2018-06-19	Carcinogenesis	www.ncbi.nlm.nih.gov/pubmed/29924316	Genome-Wide Association Study of Familial Lung Cancer.	Familial squamous cell lung carcinoma	367 European ancestry cases, 31,563 European ancestry controls	NA	17q11.2	17	31219525	NF1	NF1			4763			rs148176174-T	rs148176174	0	148176174	intron_variant	0	0.008	1E-6	6.0		4.6	[2.48-8.52]	Illumina [7959153] (imputed)	N	squamous cell lung carcinoma, family history of lung cancer	http://www.ebi.ac.uk/efo/EFO_0000708, http://www.ebi.ac.uk/efo/EFO_0006953	GCST006088	Genome-wide genotyping array
2018-08-14	29924316	Byun J	2018-06-19	Carcinogenesis	www.ncbi.nlm.nih.gov/pubmed/29924316	Genome-Wide Association Study of Familial Lung Cancer.	Familial squamous cell lung carcinoma	367 European ancestry cases, 31,563 European ancestry controls	NA	6p21.2	6	38604737	BTBD9	BTBD9			114781			rs72855171-C	rs72855171	0	72855171	intron_variant	0	0.053	1E-6	6.0		2.07	[1.54-2.79]	Illumina [7959153] (imputed)	N	squamous cell lung carcinoma, family history of lung cancer	http://www.ebi.ac.uk/efo/EFO_0000708, http://www.ebi.ac.uk/efo/EFO_0006953	GCST006088	Genome-wide genotyping array
2018-08-14	29924316	Byun J	2018-06-19	Carcinogenesis	www.ncbi.nlm.nih.gov/pubmed/29924316	Genome-Wide Association Study of Familial Lung Cancer.	Familial squamous cell lung carcinoma	367 European ancestry cases, 31,563 European ancestry controls	NA	11q13.2	11	66872703	PC	PC			5091			rs191456353-G	rs191456353	0	191456353	intron_variant	0	0.004	1E-6	6.0		11.97	[4.35-32.95]	Illumina [7959153] (imputed)	N	squamous cell lung carcinoma, family history of lung cancer	http://www.ebi.ac.uk/efo/EFO_0000708, http://www.ebi.ac.uk/efo/EFO_0006953	GCST006088	Genome-wide genotyping array
2018-08-14	29924316	Byun J	2018-06-19	Carcinogenesis	www.ncbi.nlm.nih.gov/pubmed/29924316	Genome-Wide Association Study of Familial Lung Cancer.	Familial squamous cell lung carcinoma	367 European ancestry cases, 31,563 European ancestry controls	NA	16q23.1	16	79187571	WWOX	WWOX			51741			rs112697296-T	rs112697296	0	112697296	intron_variant	0	0.02	2E-6	5.698970004336019		3.15	[1.97-5.03]	Illumina [7959153] (imputed)	N	squamous cell lung carcinoma, family history of lung cancer	http://www.ebi.ac.uk/efo/EFO_0000708, http://www.ebi.ac.uk/efo/EFO_0006953	GCST006088	Genome-wide genotyping array
2018-08-14	29924316	Byun J	2018-06-19	Carcinogenesis	www.ncbi.nlm.nih.gov/pubmed/29924316	Genome-Wide Association Study of Familial Lung Cancer.	Familial squamous cell lung carcinoma	367 European ancestry cases, 31,563 European ancestry controls	NA	8p21.3	8	20944066	RP11-369E15.1	LOC105379315			105379315			rs118114607-T	rs118114607	0	118114607	intron_variant	0	0.007	2E-6	5.698970004336019		7.55	[3.31-17.23]	Illumina [7959153] (imputed)	N	squamous cell lung carcinoma, family history of lung cancer	http://www.ebi.ac.uk/efo/EFO_0000708, http://www.ebi.ac.uk/efo/EFO_0006953	GCST006088	Genome-wide genotyping array
2018-08-14	29924316	Byun J	2018-06-19	Carcinogenesis	www.ncbi.nlm.nih.gov/pubmed/29924316	Genome-Wide Association Study of Familial Lung Cancer.	Familial squamous cell lung carcinoma	367 European ancestry cases, 31,563 European ancestry controls	NA	2p24.3	2	15283365	NBAS	NBAS			51594			rs145369641-T	rs145369641	0	145369641	intron_variant	0	0.005	2E-6	5.698970004336019		8.04	[3.43-18.86]	Illumina [7959153] (imputed)	N	squamous cell lung carcinoma, family history of lung cancer	http://www.ebi.ac.uk/efo/EFO_0000708, http://www.ebi.ac.uk/efo/EFO_0006953	GCST006088	Genome-wide genotyping array
2018-08-14	29924316	Byun J	2018-06-19	Carcinogenesis	www.ncbi.nlm.nih.gov/pubmed/29924316	Genome-Wide Association Study of Familial Lung Cancer.	Familial squamous cell lung carcinoma	367 European ancestry cases, 31,563 European ancestry controls	NA	3q21.3	3	126934568	NR	CHCHD6			84303			rs187806138-T	rs187806138	0	187806138	intron_variant	0	0.025	2E-6	5.698970004336019		3.11	[1.95-4.96]	Illumina [7959153] (imputed)	N	squamous cell lung carcinoma, family history of lung cancer	http://www.ebi.ac.uk/efo/EFO_0000708, http://www.ebi.ac.uk/efo/EFO_0006953	GCST006088	Genome-wide genotyping array
2018-08-14	29924316	Byun J	2018-06-19	Carcinogenesis	www.ncbi.nlm.nih.gov/pubmed/29924316	Genome-Wide Association Study of Familial Lung Cancer.	Familial squamous cell lung carcinoma	367 European ancestry cases, 31,563 European ancestry controls	NA	7q36.1	7	148869599	EZH2	EZH2			2146			rs183710197-C	rs183710197	0	183710197	intron_variant	0	0.003	2E-6	5.698970004336019		11.06	[4.12-29.72]	Illumina [7959153] (imputed)	N	squamous cell lung carcinoma, family history of lung cancer	http://www.ebi.ac.uk/efo/EFO_0000708, http://www.ebi.ac.uk/efo/EFO_0006953	GCST006088	Genome-wide genotyping array
2018-08-14	29924316	Byun J	2018-06-19	Carcinogenesis	www.ncbi.nlm.nih.gov/pubmed/29924316	Genome-Wide Association Study of Familial Lung Cancer.	Familial squamous cell lung carcinoma	367 European ancestry cases, 31,563 European ancestry controls	NA	19p13.11	19	17445984	TMEM221	TMEM221			100130519			rs147852856-G	rs147852856	0	147852856	intron_variant	0	0.03	2E-6	5.698970004336019		2.72	[1.80-4.10]	Illumina [7959153] (imputed)	N	squamous cell lung carcinoma, family history of lung cancer	http://www.ebi.ac.uk/efo/EFO_0000708, http://www.ebi.ac.uk/efo/EFO_0006953	GCST006088	Genome-wide genotyping array
2018-08-14	29924316	Byun J	2018-06-19	Carcinogenesis	www.ncbi.nlm.nih.gov/pubmed/29924316	Genome-Wide Association Study of Familial Lung Cancer.	Familial squamous cell lung carcinoma	367 European ancestry cases, 31,563 European ancestry controls	NA	17p13.1	17	8764431	NR	LOC105371529			105371529			rs8079117-A	rs8079117	0	8079117	intergenic_variant	0	0.004	2E-6	5.698970004336019		8.98	[3.63-22.23]	Illumina [7959153] (imputed)	N	squamous cell lung carcinoma, family history of lung cancer	http://www.ebi.ac.uk/efo/EFO_0000708, http://www.ebi.ac.uk/efo/EFO_0006953	GCST006088	Genome-wide genotyping array
2018-08-14	29924316	Byun J	2018-06-19	Carcinogenesis	www.ncbi.nlm.nih.gov/pubmed/29924316	Genome-Wide Association Study of Familial Lung Cancer.	Familial squamous cell lung carcinoma	367 European ancestry cases, 31,563 European ancestry controls	NA	6q25.3	6	160282296	SLC22A2	LOC105378088 - SLC22A3	105378088	6581		6056	66077	rs3908804-A	rs3908804	0	3908804	intergenic_variant	1	0.042	2E-6	5.698970004336019		2.11	[1.55-2.88]	Illumina [7959153] (imputed)	N	squamous cell lung carcinoma, family history of lung cancer	http://www.ebi.ac.uk/efo/EFO_0000708, http://www.ebi.ac.uk/efo/EFO_0006953	GCST006088	Genome-wide genotyping array
2018-08-14	29924316	Byun J	2018-06-19	Carcinogenesis	www.ncbi.nlm.nih.gov/pubmed/29924316	Genome-Wide Association Study of Familial Lung Cancer.	Familial squamous cell lung carcinoma	367 European ancestry cases, 31,563 European ancestry controls	NA	1q43	1	242442926	PLD5	PLD5			200150			rs11810103-A	rs11810103	0	11810103	intron_variant	0	0.002	2E-6	5.698970004336019		20.85	[5.92-73.51]	Illumina [7959153] (imputed)	N	squamous cell lung carcinoma, family history of lung cancer	http://www.ebi.ac.uk/efo/EFO_0000708, http://www.ebi.ac.uk/efo/EFO_0006953	GCST006088	Genome-wide genotyping array
2018-08-14	29924316	Byun J	2018-06-19	Carcinogenesis	www.ncbi.nlm.nih.gov/pubmed/29924316	Genome-Wide Association Study of Familial Lung Cancer.	Familial squamous cell lung carcinoma	367 European ancestry cases, 31,563 European ancestry controls	NA	4q12	4	52228973	NR	SPATA18 - LOC107986279	132671	107986279		131668	69698	rs17474439-T	rs17474439	0	17474439	intergenic_variant	1	0.045	2E-6	5.698970004336019		2.2	[1.59-3.05]	Illumina [7959153] (imputed)	N	squamous cell lung carcinoma, family history of lung cancer	http://www.ebi.ac.uk/efo/EFO_0000708, http://www.ebi.ac.uk/efo/EFO_0006953	GCST006088	Genome-wide genotyping array
2018-08-14	29924316	Byun J	2018-06-19	Carcinogenesis	www.ncbi.nlm.nih.gov/pubmed/29924316	Genome-Wide Association Study of Familial Lung Cancer.	Familial squamous cell lung carcinoma	367 European ancestry cases, 31,563 European ancestry controls	NA	11q14.1	11	84335397	DLG2	DLG2			1740			rs149365710-A	rs149365710	0	149365710	intron_variant	0	0.01	2E-6	5.698970004336019		5.13	[2.60-10.12]	Illumina [7959153] (imputed)	N	squamous cell lung carcinoma, family history of lung cancer	http://www.ebi.ac.uk/efo/EFO_0000708, http://www.ebi.ac.uk/efo/EFO_0006953	GCST006088	Genome-wide genotyping array
2018-08-14	29924316	Byun J	2018-06-19	Carcinogenesis	www.ncbi.nlm.nih.gov/pubmed/29924316	Genome-Wide Association Study of Familial Lung Cancer.	Familial squamous cell lung carcinoma	367 European ancestry cases, 31,563 European ancestry controls	NA	5p13.1	5	42052863	NR	FBXO4 - LOC101926960	26272	101926960		12633	102970	rs138592693-T	rs138592693	0	138592693	intergenic_variant	1	0.011	2E-6	5.698970004336019		4.63	[2.44-8.76]	Illumina [7959153] (imputed)	N	squamous cell lung carcinoma, family history of lung cancer	http://www.ebi.ac.uk/efo/EFO_0000708, http://www.ebi.ac.uk/efo/EFO_0006953	GCST006088	Genome-wide genotyping array
2018-08-14	29924316	Byun J	2018-06-19	Carcinogenesis	www.ncbi.nlm.nih.gov/pubmed/29924316	Genome-Wide Association Study of Familial Lung Cancer.	Familial squamous cell lung carcinoma	367 European ancestry cases, 31,563 European ancestry controls	NA	9q31.1	9	100466630	TMEFF1	MSANTD3-TMEFF1			100526694			rs117539856-A	rs117539856	0	117539856	intron_variant	0	0.005	3E-6	5.522878745280337		7.98	[3.34-19.03]	Illumina [7959153] (imputed)	N	squamous cell lung carcinoma, family history of lung cancer	http://www.ebi.ac.uk/efo/EFO_0000708, http://www.ebi.ac.uk/efo/EFO_0006953	GCST006088	Genome-wide genotyping array
2018-08-14	29924316	Byun J	2018-06-19	Carcinogenesis	www.ncbi.nlm.nih.gov/pubmed/29924316	Genome-Wide Association Study of Familial Lung Cancer.	Familial squamous cell lung carcinoma	367 European ancestry cases, 31,563 European ancestry controls	NA	11q14.1	11	84468604	DLG2	DLG2			1740			rs147995154-A	rs147995154	0	147995154	intron_variant	0	0.008	3E-6	5.522878745280337		6.07	[2.85-12.92]	Illumina [7959153] (imputed)	N	squamous cell lung carcinoma, family history of lung cancer	http://www.ebi.ac.uk/efo/EFO_0000708, http://www.ebi.ac.uk/efo/EFO_0006953	GCST006088	Genome-wide genotyping array
2018-08-14	29924316	Byun J	2018-06-19	Carcinogenesis	www.ncbi.nlm.nih.gov/pubmed/29924316	Genome-Wide Association Study of Familial Lung Cancer.	Familial squamous cell lung carcinoma	367 European ancestry cases, 31,563 European ancestry controls	NA	8q22.3	8	102523877	KB-1980E6.3	RPS12P15 - LOC107986898	100271059	107986898		19739	4878	rs146278598-C	rs146278598	0	146278598	regulatory_region_variant	1	0.013	3E-6	5.522878745280337		4.95	[2.53-9.67]	Illumina [7959153] (imputed)	N	squamous cell lung carcinoma, family history of lung cancer	http://www.ebi.ac.uk/efo/EFO_0000708, http://www.ebi.ac.uk/efo/EFO_0006953	GCST006088	Genome-wide genotyping array
2018-08-14	29924316	Byun J	2018-06-19	Carcinogenesis	www.ncbi.nlm.nih.gov/pubmed/29924316	Genome-Wide Association Study of Familial Lung Cancer.	Familial squamous cell lung carcinoma	367 European ancestry cases, 31,563 European ancestry controls	NA	18q21.2	18	51837007	NR	LOC100422053 - RPS8P3	100422053	100132995		148798	7943	rs186728352-C	rs186728352	0	186728352	intergenic_variant	1	0.011	3E-6	5.522878745280337		5.09	[2.57-10.08]	Illumina [7959153] (imputed)	N	squamous cell lung carcinoma, family history of lung cancer	http://www.ebi.ac.uk/efo/EFO_0000708, http://www.ebi.ac.uk/efo/EFO_0006953	GCST006088	Genome-wide genotyping array
2018-08-14	29924316	Byun J	2018-06-19	Carcinogenesis	www.ncbi.nlm.nih.gov/pubmed/29924316	Genome-Wide Association Study of Familial Lung Cancer.	Familial squamous cell lung carcinoma	367 European ancestry cases, 31,563 European ancestry controls	NA	4q34.1	4	172120479	GALNTL6	GALNTL6			442117			rs79484241-C	rs79484241	0	79484241	intron_variant	0	0.008	3E-6	5.522878745280337		4.46	[2.38-8.36]	Illumina [7959153] (imputed)	N	squamous cell lung carcinoma, family history of lung cancer	http://www.ebi.ac.uk/efo/EFO_0000708, http://www.ebi.ac.uk/efo/EFO_0006953	GCST006088	Genome-wide genotyping array
2018-08-14	29924316	Byun J	2018-06-19	Carcinogenesis	www.ncbi.nlm.nih.gov/pubmed/29924316	Genome-Wide Association Study of Familial Lung Cancer.	Familial squamous cell lung carcinoma	367 European ancestry cases, 31,563 European ancestry controls	NA	2q24.1	2	156497991	GPD2	GPD2			2820			rs147372168-G	rs147372168	0	147372168	intron_variant	0	0.01	3E-6	5.522878745280337		4.17	[2.29-7.60]	Illumina [7959153] (imputed)	N	squamous cell lung carcinoma, family history of lung cancer	http://www.ebi.ac.uk/efo/EFO_0000708, http://www.ebi.ac.uk/efo/EFO_0006953	GCST006088	Genome-wide genotyping array
2018-08-14	29924316	Byun J	2018-06-19	Carcinogenesis	www.ncbi.nlm.nih.gov/pubmed/29924316	Genome-Wide Association Study of Familial Lung Cancer.	Familial squamous cell lung carcinoma	367 European ancestry cases, 31,563 European ancestry controls	NA	6q25.1	6	149836209	LRP11	LRP11			84918			rs72995588-A	rs72995588	0	72995588	synonymous_variant	0	0.021	4E-6	5.3979400086720375		3.91	[2.19-6.97]	Illumina [7959153] (imputed)	N	squamous cell lung carcinoma, family history of lung cancer	http://www.ebi.ac.uk/efo/EFO_0000708, http://www.ebi.ac.uk/efo/EFO_0006953	GCST006088	Genome-wide genotyping array
2018-08-14	29924316	Byun J	2018-06-19	Carcinogenesis	www.ncbi.nlm.nih.gov/pubmed/29924316	Genome-Wide Association Study of Familial Lung Cancer.	Familial squamous cell lung carcinoma	367 European ancestry cases, 31,563 European ancestry controls	NA	14q13.1	14	33701036	NPAS3	NPAS3			64067			rs12148012-G	rs12148012	0	12148012	intron_variant	0	0.128	4E-6	5.3979400086720375		1.62	[1.32-1.99]	Illumina [7959153] (imputed)	N	squamous cell lung carcinoma, family history of lung cancer	http://www.ebi.ac.uk/efo/EFO_0000708, http://www.ebi.ac.uk/efo/EFO_0006953	GCST006088	Genome-wide genotyping array
2018-08-14	29924316	Byun J	2018-06-19	Carcinogenesis	www.ncbi.nlm.nih.gov/pubmed/29924316	Genome-Wide Association Study of Familial Lung Cancer.	Familial squamous cell lung carcinoma	367 European ancestry cases, 31,563 European ancestry controls	NA	7p12.1	7	51008206	RP4-724E13.2	RPL39P23 - COBL	100271203	23242		164424	8006	rs117123031-T	rs117123031	0	117123031	intron_variant	1	0.019	4E-6	5.3979400086720375		4.38	[2.33-8.21]	Illumina [7959153] (imputed)	N	squamous cell lung carcinoma, family history of lung cancer	http://www.ebi.ac.uk/efo/EFO_0000708, http://www.ebi.ac.uk/efo/EFO_0006953	GCST006088	Genome-wide genotyping array
2018-08-14	29924316	Byun J	2018-06-19	Carcinogenesis	www.ncbi.nlm.nih.gov/pubmed/29924316	Genome-Wide Association Study of Familial Lung Cancer.	Familial squamous cell lung carcinoma	367 European ancestry cases, 31,563 European ancestry controls	NA	3p24.2	3	24297569	THRB	THRB			7068			rs1505305-T	rs1505305	0	1505305	intron_variant	0	0.013	4E-6	5.3979400086720375		3.68	[2.11-6.41]	Illumina [7959153] (imputed)	N	squamous cell lung carcinoma, family history of lung cancer	http://www.ebi.ac.uk/efo/EFO_0000708, http://www.ebi.ac.uk/efo/EFO_0006953	GCST006088	Genome-wide genotyping array
2018-08-14	29924316	Byun J	2018-06-19	Carcinogenesis	www.ncbi.nlm.nih.gov/pubmed/29924316	Genome-Wide Association Study of Familial Lung Cancer.	Familial squamous cell lung carcinoma	367 European ancestry cases, 31,563 European ancestry controls	NA	7q36.3	7	157254944	NR	UBE3C			9690			rs10261278-A	rs10261278	0	10261278	intron_variant	0	0.041	4E-6	5.3979400086720375		2.71	[1.77-4.15]	Illumina [7959153] (imputed)	N	squamous cell lung carcinoma, family history of lung cancer	http://www.ebi.ac.uk/efo/EFO_0000708, http://www.ebi.ac.uk/efo/EFO_0006953	GCST006088	Genome-wide genotyping array
2018-08-14	29924316	Byun J	2018-06-19	Carcinogenesis	www.ncbi.nlm.nih.gov/pubmed/29924316	Genome-Wide Association Study of Familial Lung Cancer.	Familial squamous cell lung carcinoma	367 European ancestry cases, 31,563 European ancestry controls	NA	6p12.1	6	53345474	ELOVL5	ELOVL5			60481			rs78003666-A	rs78003666	0	78003666	intron_variant	0	0.016	5E-6	5.301029995663981		3.26	[1.96-5.41]	Illumina [7959153] (imputed)	N	squamous cell lung carcinoma, family history of lung cancer	http://www.ebi.ac.uk/efo/EFO_0000708, http://www.ebi.ac.uk/efo/EFO_0006953	GCST006088	Genome-wide genotyping array
2018-08-14	29924316	Byun J	2018-06-19	Carcinogenesis	www.ncbi.nlm.nih.gov/pubmed/29924316	Genome-Wide Association Study of Familial Lung Cancer.	Familial squamous cell lung carcinoma	367 European ancestry cases, 31,563 European ancestry controls	NA	4q12	4	52471499	NR	LOC100419861 - RNU6-1252P	100419861	106480113		29964	23350	rs77582856-C	rs77582856	0	77582856	intergenic_variant	1	0.013	5E-6	5.301029995663981		3.66	[2.10-6.40]	Illumina [7959153] (imputed)	N	squamous cell lung carcinoma, family history of lung cancer	http://www.ebi.ac.uk/efo/EFO_0000708, http://www.ebi.ac.uk/efo/EFO_0006953	GCST006088	Genome-wide genotyping array
2018-08-14	29924316	Byun J	2018-06-19	Carcinogenesis	www.ncbi.nlm.nih.gov/pubmed/29924316	Genome-Wide Association Study of Familial Lung Cancer.	Familial squamous cell lung carcinoma	367 European ancestry cases, 31,563 European ancestry controls	NA	4p12	4	47274167	GABRB1	GABRB1			2560			rs17539515-C	rs17539515	0	17539515	intron_variant	0	0.007	5E-6	5.301029995663981		5.41	[2.62-11.17]	Illumina [7959153] (imputed)	N	squamous cell lung carcinoma, family history of lung cancer	http://www.ebi.ac.uk/efo/EFO_0000708, http://www.ebi.ac.uk/efo/EFO_0006953	GCST006088	Genome-wide genotyping array
2018-08-14	29924316	Byun J	2018-06-19	Carcinogenesis	www.ncbi.nlm.nih.gov/pubmed/29924316	Genome-Wide Association Study of Familial Lung Cancer.	Familial squamous cell lung carcinoma	367 European ancestry cases, 31,563 European ancestry controls	NA	4q34.1	4	172496615	GALNTL6	GALNTL6			442117			rs183148163-T	rs183148163	0	183148163	intron_variant	0	0.008	5E-6	5.301029995663981		5.2	[2.56-10.58]	Illumina [7959153] (imputed)	N	squamous cell lung carcinoma, family history of lung cancer	http://www.ebi.ac.uk/efo/EFO_0000708, http://www.ebi.ac.uk/efo/EFO_0006953	GCST006088	Genome-wide genotyping array
2018-08-14	29924316	Byun J	2018-06-19	Carcinogenesis	www.ncbi.nlm.nih.gov/pubmed/29924316	Genome-Wide Association Study of Familial Lung Cancer.	Familial squamous cell lung carcinoma	367 European ancestry cases, 31,563 European ancestry controls	NA	1p22.3	1	87066170	HS2ST1	HS2ST1			9653			rs141319665-T	rs141319665	0	141319665	intron_variant	0	0.023	5E-6	5.301029995663981		3.34	[1.99-5.62]	Illumina [7959153] (imputed)	N	squamous cell lung carcinoma, family history of lung cancer	http://www.ebi.ac.uk/efo/EFO_0000708, http://www.ebi.ac.uk/efo/EFO_0006953	GCST006088	Genome-wide genotyping array
2018-08-14	29924316	Byun J	2018-06-19	Carcinogenesis	www.ncbi.nlm.nih.gov/pubmed/29924316	Genome-Wide Association Study of Familial Lung Cancer.	Familial squamous cell lung carcinoma	367 European ancestry cases, 31,563 European ancestry controls	NA	3q26.1	3	167400057	RP11-576M8.2	LINC01327			104310350			rs2419134-C	rs2419134	0	2419134	intron_variant	0	0.027	5E-6	5.301029995663981		3.57	[2.06-6.17]	Illumina [7959153] (imputed)	N	squamous cell lung carcinoma, family history of lung cancer	http://www.ebi.ac.uk/efo/EFO_0000708, http://www.ebi.ac.uk/efo/EFO_0006953	GCST006088	Genome-wide genotyping array
2018-08-14	29924316	Byun J	2018-06-19	Carcinogenesis	www.ncbi.nlm.nih.gov/pubmed/29924316	Genome-Wide Association Study of Familial Lung Cancer.	Familial squamous cell lung carcinoma	367 European ancestry cases, 31,563 European ancestry controls	NA	7q34	7	138667056	SVOPL	SVOPL			136306			rs28625106-A	rs28625106	0	28625106	intron_variant	0	0.041	5E-6	5.301029995663981		2.46	[1.67-3.63]	Illumina [7959153] (imputed)	N	squamous cell lung carcinoma, family history of lung cancer	http://www.ebi.ac.uk/efo/EFO_0000708, http://www.ebi.ac.uk/efo/EFO_0006953	GCST006088	Genome-wide genotyping array
2018-08-14	29924316	Byun J	2018-06-19	Carcinogenesis	www.ncbi.nlm.nih.gov/pubmed/29924316	Genome-Wide Association Study of Familial Lung Cancer.	Familial squamous cell lung carcinoma	367 European ancestry cases, 31,563 European ancestry controls	NA	2p25.3	2	959403	SNTG2	SNTG2			54221			rs147081078-A	rs147081078	0	147081078	intron_variant	0	0.016	6E-6	5.221848749616356		3.51	[2.04-6.04]	Illumina [7959153] (imputed)	N	squamous cell lung carcinoma, family history of lung cancer	http://www.ebi.ac.uk/efo/EFO_0000708, http://www.ebi.ac.uk/efo/EFO_0006953	GCST006088	Genome-wide genotyping array
2018-08-14	29924316	Byun J	2018-06-19	Carcinogenesis	www.ncbi.nlm.nih.gov/pubmed/29924316	Genome-Wide Association Study of Familial Lung Cancer.	Familial squamous cell lung carcinoma	367 European ancestry cases, 31,563 European ancestry controls	NA	20p12.3	20	6416572	NR	FGFR3P3 - CASC20	100462816	101929244		195827	10160	rs148810922-A	rs148810922	0	148810922	regulatory_region_variant	1	0.003	6E-6	5.221848749616356		9.48	[3.58-25.12]	Illumina [7959153] (imputed)	N	squamous cell lung carcinoma, family history of lung cancer	http://www.ebi.ac.uk/efo/EFO_0000708, http://www.ebi.ac.uk/efo/EFO_0006953	GCST006088	Genome-wide genotyping array
2018-08-14	29924316	Byun J	2018-06-19	Carcinogenesis	www.ncbi.nlm.nih.gov/pubmed/29924316	Genome-Wide Association Study of Familial Lung Cancer.	Familial squamous cell lung carcinoma	367 European ancestry cases, 31,563 European ancestry controls	NA	19p13.12	19	14970524	SLC1A6	SLC1A6			6511			rs113464626-A	rs113464626	0	113464626	intron_variant	0	0.016	6E-6	5.221848749616356		3.13	[1.91-5.13]	Illumina [7959153] (imputed)	N	squamous cell lung carcinoma, family history of lung cancer	http://www.ebi.ac.uk/efo/EFO_0000708, http://www.ebi.ac.uk/efo/EFO_0006953	GCST006088	Genome-wide genotyping array
2018-08-14	29924316	Byun J	2018-06-19	Carcinogenesis	www.ncbi.nlm.nih.gov/pubmed/29924316	Genome-Wide Association Study of Familial Lung Cancer.	Familial squamous cell lung carcinoma	367 European ancestry cases, 31,563 European ancestry controls	NA	7p13	7	44951906	NR	MRPS23P1 - MYO1G	352290	64005		31416	10755	rs78184724-G	rs78184724	0	78184724	intergenic_variant	1	0.013	6E-6	5.221848749616356		4.68	[2.40-9.13]	Illumina [7959153] (imputed)	N	squamous cell lung carcinoma, family history of lung cancer	http://www.ebi.ac.uk/efo/EFO_0000708, http://www.ebi.ac.uk/efo/EFO_0006953	GCST006088	Genome-wide genotyping array
2018-08-14	29924316	Byun J	2018-06-19	Carcinogenesis	www.ncbi.nlm.nih.gov/pubmed/29924316	Genome-Wide Association Study of Familial Lung Cancer.	Familial squamous cell lung carcinoma	367 European ancestry cases, 31,563 European ancestry controls	NA	2q23.3	2	150907280	NR	LOC101929282 - LOC105373686	101929282	105373686		271923	126529	rs138656841-A	rs138656841	0	138656841	intergenic_variant	1	0.013	6E-6	5.221848749616356		4.31	[2.29-8.12]	Illumina [7959153] (imputed)	N	squamous cell lung carcinoma, family history of lung cancer	http://www.ebi.ac.uk/efo/EFO_0000708, http://www.ebi.ac.uk/efo/EFO_0006953	GCST006088	Genome-wide genotyping array
2018-08-14	29924316	Byun J	2018-06-19	Carcinogenesis	www.ncbi.nlm.nih.gov/pubmed/29924316	Genome-Wide Association Study of Familial Lung Cancer.	Familial squamous cell lung carcinoma	367 European ancestry cases, 31,563 European ancestry controls	NA	5q35.1	5	171329358	NR	TLX3 - RPL19P10	30012	100270948		17224	15609	rs187107949-G	rs187107949	0	187107949	intergenic_variant	1	0.034	6E-6	5.221848749616356		2.47	[1.67-3.65]	Illumina [7959153] (imputed)	N	squamous cell lung carcinoma, family history of lung cancer	http://www.ebi.ac.uk/efo/EFO_0000708, http://www.ebi.ac.uk/efo/EFO_0006953	GCST006088	Genome-wide genotyping array
2018-08-14	29924316	Byun J	2018-06-19	Carcinogenesis	www.ncbi.nlm.nih.gov/pubmed/29924316	Genome-Wide Association Study of Familial Lung Cancer.	Familial squamous cell lung carcinoma	367 European ancestry cases, 31,563 European ancestry controls	NA	5q15	5	95629264	NR	GPR150 - RFESD	285601	317671		7684	17480	rs115593965-T	rs115593965	0	115593965	intergenic_variant	1	0.005	6E-6	5.221848749616356		7.3	[3.08-17.31]	Illumina [7959153] (imputed)	N	squamous cell lung carcinoma, family history of lung cancer	http://www.ebi.ac.uk/efo/EFO_0000708, http://www.ebi.ac.uk/efo/EFO_0006953	GCST006088	Genome-wide genotyping array
2018-08-14	29924316	Byun J	2018-06-19	Carcinogenesis	www.ncbi.nlm.nih.gov/pubmed/29924316	Genome-Wide Association Study of Familial Lung Cancer.	Familial squamous cell lung carcinoma	367 European ancestry cases, 31,563 European ancestry controls	NA	8q24.3	8	140678939	NR	PTK2			5747			rs73714723-A	rs73714723	0	73714723	intron_variant	0	0.004	7E-6	5.154901959985743		9.94	[3.65-27.08]	Illumina [7959153] (imputed)	N	squamous cell lung carcinoma, family history of lung cancer	http://www.ebi.ac.uk/efo/EFO_0000708, http://www.ebi.ac.uk/efo/EFO_0006953	GCST006088	Genome-wide genotyping array
2018-08-14	29924316	Byun J	2018-06-19	Carcinogenesis	www.ncbi.nlm.nih.gov/pubmed/29924316	Genome-Wide Association Study of Familial Lung Cancer.	Familial squamous cell lung carcinoma	367 European ancestry cases, 31,563 European ancestry controls	NA	12p11.21	12	31665598	METTL20	METTL20			254013			rs183745979-C	rs183745979	0	183745979	intron_variant	0	0.004	8E-6	5.096910013008056		5.06	[2.48-10.33]	Illumina [7959153] (imputed)	N	squamous cell lung carcinoma, family history of lung cancer	http://www.ebi.ac.uk/efo/EFO_0000708, http://www.ebi.ac.uk/efo/EFO_0006953	GCST006088	Genome-wide genotyping array
2018-08-14	29924316	Byun J	2018-06-19	Carcinogenesis	www.ncbi.nlm.nih.gov/pubmed/29924316	Genome-Wide Association Study of Familial Lung Cancer.	Familial squamous cell lung carcinoma	367 European ancestry cases, 31,563 European ancestry controls	NA	2q36.2	2	224398810	FAM124B	FAM124B			79843			rs6714462-T	rs6714462	0	6714462	intron_variant	0	0.151	8E-6	5.096910013008056		1.58	[1.29-1.93]	Illumina [7959153] (imputed)	N	squamous cell lung carcinoma, family history of lung cancer	http://www.ebi.ac.uk/efo/EFO_0000708, http://www.ebi.ac.uk/efo/EFO_0006953	GCST006088	Genome-wide genotyping array
2018-08-14	29924316	Byun J	2018-06-19	Carcinogenesis	www.ncbi.nlm.nih.gov/pubmed/29924316	Genome-Wide Association Study of Familial Lung Cancer.	Familial squamous cell lung carcinoma	367 European ancestry cases, 31,563 European ancestry controls	NA	16q21	16	58895443	RP11-410D17.2	LOC105371296 - RPS27P27	105371296	100271585		12152	193394	rs118075513-G	rs118075513	0	118075513	intron_variant	1	0.033	8E-6	5.096910013008056		2.49	[1.67-3.72]	Illumina [7959153] (imputed)	N	squamous cell lung carcinoma, family history of lung cancer	http://www.ebi.ac.uk/efo/EFO_0000708, http://www.ebi.ac.uk/efo/EFO_0006953	GCST006088	Genome-wide genotyping array
2018-08-14	29924316	Byun J	2018-06-19	Carcinogenesis	www.ncbi.nlm.nih.gov/pubmed/29924316	Genome-Wide Association Study of Familial Lung Cancer.	Familial squamous cell lung carcinoma	367 European ancestry cases, 31,563 European ancestry controls	NA	11p11.2	11	47356695	SPI1	SPI1			6688			rs193299119-A	rs193299119	0	193299119	intron_variant	0	0.009	8E-6	5.096910013008056		5.6	[2.62-11.96]	Illumina [7959153] (imputed)	N	squamous cell lung carcinoma, family history of lung cancer	http://www.ebi.ac.uk/efo/EFO_0000708, http://www.ebi.ac.uk/efo/EFO_0006953	GCST006088	Genome-wide genotyping array
2018-08-14	29924316	Byun J	2018-06-19	Carcinogenesis	www.ncbi.nlm.nih.gov/pubmed/29924316	Genome-Wide Association Study of Familial Lung Cancer.	Familial squamous cell lung carcinoma	367 European ancestry cases, 31,563 European ancestry controls	NA	5p13.1	5	42438811	GHR	GHR			2690			rs150037323-C	rs150037323	0	150037323	intron_variant	0	0.015	9E-6	5.045757490560675		3.77	[2.10-6.79]	Illumina [7959153] (imputed)	N	squamous cell lung carcinoma, family history of lung cancer	http://www.ebi.ac.uk/efo/EFO_0000708, http://www.ebi.ac.uk/efo/EFO_0006953	GCST006088	Genome-wide genotyping array
2018-08-14	29924316	Byun J	2018-06-19	Carcinogenesis	www.ncbi.nlm.nih.gov/pubmed/29924316	Genome-Wide Association Study of Familial Lung Cancer.	Familial squamous cell lung carcinoma	367 European ancestry cases, 31,563 European ancestry controls	NA	7p11.2	7	56809122	NR	CICP28 - LOC401357	100287136	401357		1469	2	rs186390478-C	rs186390478	0	186390478	intergenic_variant	1	0.005	9E-6	5.045757490560675		7.44	[3.06-18.06]	Illumina [7959153] (imputed)	N	squamous cell lung carcinoma, family history of lung cancer	http://www.ebi.ac.uk/efo/EFO_0000708, http://www.ebi.ac.uk/efo/EFO_0006953	GCST006088	Genome-wide genotyping array
2018-08-14	29924316	Byun J	2018-06-19	Carcinogenesis	www.ncbi.nlm.nih.gov/pubmed/29924316	Genome-Wide Association Study of Familial Lung Cancer.	Familial squamous cell lung carcinoma	367 European ancestry cases, 31,563 European ancestry controls	NA	9q22.31	9	92886295	RP11-526D8.7	LOC642943			642943			rs72741016-A	rs72741016	0	72741016	non_coding_transcript_exon_variant	0	0.024	9E-6	5.045757490560675		2.42	[1.64-3.58]	Illumina [7959153] (imputed)	N	squamous cell lung carcinoma, family history of lung cancer	http://www.ebi.ac.uk/efo/EFO_0000708, http://www.ebi.ac.uk/efo/EFO_0006953	GCST006088	Genome-wide genotyping array
